Canción,Artista,danceability,energy,key,loudness,mode,speechiness,acousticness,instrumentalness,liveness,valence,tempo,type,id,uri,track_href,analysis_url,duration_ms,time_signature
Três Dias,Marcelo Camelo,0.291,0.319,7,-10.465,1,0.0306,0.791,0.468,0.0692,0.038,103.793,audio_features,0A0eOcimSNRs2EQQlH7FFJ,spotify:track:0A0eOcimSNRs2EQQlH7FFJ,https://api.spotify.com/v1/tracks/0A0eOcimSNRs2EQQlH7FFJ,https://api.spotify.com/v1/audio-analysis/0A0eOcimSNRs2EQQlH7FFJ,323280,3
Elephant Gun,Beirut,0.171,0.626,8,-8.677,1,0.0486,0.873,0.0252,0.0681,0.457,180.098,audio_features,0MtVmhAx6CxNuxFIUc6Mj9,spotify:track:0MtVmhAx6CxNuxFIUc6Mj9,https://api.spotify.com/v1/tracks/0MtVmhAx6CxNuxFIUc6Mj9,https://api.spotify.com/v1/audio-analysis/0MtVmhAx6CxNuxFIUc6Mj9,348893,3
Fake Empire,The National,0.324,0.776,0,-6.784,1,0.0346,0.151,0.917,0.0728,0.317,101.964,audio_features,6aUAF8JOd8zEl41B6I18xL,spotify:track:6aUAF8JOd8zEl41B6I18xL,https://api.spotify.com/v1/tracks/6aUAF8JOd8zEl41B6I18xL,https://api.spotify.com/v1/audio-analysis/6aUAF8JOd8zEl41B6I18xL,205040,3
Sorriso ao Sono,Phill Veras,0.627,0.342,2,-12.833,1,0.0394,0.7,0.166,0.082,0.513,80.03,audio_features,2vGvPQNnyybJmiqpr1HiKX,spotify:track:2vGvPQNnyybJmiqpr1HiKX,https://api.spotify.com/v1/tracks/2vGvPQNnyybJmiqpr1HiKX,https://api.spotify.com/v1/audio-analysis/2vGvPQNnyybJmiqpr1HiKX,248480,4
I Will Wait,Mumford & Sons,0.486,0.769,1,-5.14,1,0.0341,0.0119,0.00832,0.197,0.393,131.286,audio_features,1PuLHwFZoh5qYK89I5YBdZ,spotify:track:1PuLHwFZoh5qYK89I5YBdZ,https://api.spotify.com/v1/tracks/1PuLHwFZoh5qYK89I5YBdZ,https://api.spotify.com/v1/audio-analysis/1PuLHwFZoh5qYK89I5YBdZ,276720,4
Out Of Reach,The Get Up Kids,0.404,0.425,11,-8.46,1,0.0321,0.46,0.00347,0.0864,0.396,210.186,audio_features,0XqvweqwDQluyCKyK25XqC,spotify:track:0XqvweqwDQluyCKyK25XqC,https://api.spotify.com/v1/tracks/0XqvweqwDQluyCKyK25XqC,https://api.spotify.com/v1/audio-analysis/0XqvweqwDQluyCKyK25XqC,226573,3
Sunflower - Spider-Man: Into the Spider-Verse,"Post Malone, Swae Lee",0.76,0.479,2,-5.574,1,0.0466,0.556,0.0,0.0703,0.913,89.911,audio_features,3KkXRkHbMCARz0aVfEt68P,spotify:track:3KkXRkHbMCARz0aVfEt68P,https://api.spotify.com/v1/tracks/3KkXRkHbMCARz0aVfEt68P,https://api.spotify.com/v1/audio-analysis/3KkXRkHbMCARz0aVfEt68P,158040,4
Want Someone to Remember Me,Phillip Long,0.685,0.192,10,-14.236,1,0.0308,0.751,0.0,0.103,0.579,105.149,audio_features,5m9bm8tBxyhvKv41tMAdnv,spotify:track:5m9bm8tBxyhvKv41tMAdnv,https://api.spotify.com/v1/tracks/5m9bm8tBxyhvKv41tMAdnv,https://api.spotify.com/v1/audio-analysis/5m9bm8tBxyhvKv41tMAdnv,206960,4
Over my head,Judah & the Lion,0.454,0.924,10,-4.38,1,0.0604,0.0694,0.0,0.125,0.505,150.967,audio_features,6r5tlCMur8Vngv3n0DzOFl,spotify:track:6r5tlCMur8Vngv3n0DzOFl,https://api.spotify.com/v1/tracks/6r5tlCMur8Vngv3n0DzOFl,https://api.spotify.com/v1/audio-analysis/6r5tlCMur8Vngv3n0DzOFl,195863,3
Eyes,Rogue Wave,0.642,0.462,1,-8.026,1,0.0294,0.821,2.51e-06,0.106,0.484,130.015,audio_features,3HQdwlovzULm18PjvlA5wz,spotify:track:3HQdwlovzULm18PjvlA5wz,https://api.spotify.com/v1/tracks/3HQdwlovzULm18PjvlA5wz,https://api.spotify.com/v1/audio-analysis/3HQdwlovzULm18PjvlA5wz,148867,4
In Transit,Albert Hammond Jr,0.468,0.715,4,-3.101,0,0.0558,0.00202,0.733,0.087,0.6,141.01,audio_features,1Jte640nBiOWyuD7N0odNZ,spotify:track:1Jte640nBiOWyuD7N0odNZ,https://api.spotify.com/v1/tracks/1Jte640nBiOWyuD7N0odNZ,https://api.spotify.com/v1/audio-analysis/1Jte640nBiOWyuD7N0odNZ,212680,4
Clementine,Sarah Jaffe,0.447,0.472,10,-10.628,1,0.0313,0.748,0.166,0.0873,0.46,77.629,audio_features,3HfSYACG5O3cio4dpHujWo,spotify:track:3HfSYACG5O3cio4dpHujWo,https://api.spotify.com/v1/tracks/3HfSYACG5O3cio4dpHujWo,https://api.spotify.com/v1/audio-analysis/3HfSYACG5O3cio4dpHujWo,285453,4
Hours,Immanu El,0.343,0.513,2,-11.477,1,0.0304,0.342,0.016,0.0845,0.202,104.808,audio_features,4UdckfJgnMiFzY2leDJ11v,spotify:track:4UdckfJgnMiFzY2leDJ11v,https://api.spotify.com/v1/tracks/4UdckfJgnMiFzY2leDJ11v,https://api.spotify.com/v1/audio-analysis/4UdckfJgnMiFzY2leDJ11v,372796,4
Home,Edward Sharpe & The Magnetic Zeros,0.542,0.589,2,-6.623,1,0.0318,0.292,0.000522,0.177,0.137,111.665,audio_features,7w5cxTEzp1rfV3KCy0Bd5N,spotify:track:7w5cxTEzp1rfV3KCy0Bd5N,https://api.spotify.com/v1/tracks/7w5cxTEzp1rfV3KCy0Bd5N,https://api.spotify.com/v1/audio-analysis/7w5cxTEzp1rfV3KCy0Bd5N,303200,4
Do You Realize??,The Flaming Lips,0.464,0.797,0,-5.244,1,0.0333,0.006,0.000304,0.392,0.547,129.964,audio_features,2DFRFqWNahKtFD112H2iEZ,spotify:track:2DFRFqWNahKtFD112H2iEZ,https://api.spotify.com/v1/tracks/2DFRFqWNahKtFD112H2iEZ,https://api.spotify.com/v1/audio-analysis/2DFRFqWNahKtFD112H2iEZ,213173,4
Waitin' for a Superman,Iron & Wine,0.488,0.45,9,-9.366,1,0.0316,0.785,0.915,0.105,0.426,165.407,audio_features,49WL7NYewiv6xPVgroXmKz,spotify:track:49WL7NYewiv6xPVgroXmKz,https://api.spotify.com/v1/tracks/49WL7NYewiv6xPVgroXmKz,https://api.spotify.com/v1/audio-analysis/49WL7NYewiv6xPVgroXmKz,274267,4
People Change,Mipso,0.374,0.276,7,-14.945,1,0.0353,0.884,0.0123,0.122,0.412,80.169,audio_features,3Ed55g8hCz1GmqRTelIPIW,spotify:track:3Ed55g8hCz1GmqRTelIPIW,https://api.spotify.com/v1/tracks/3Ed55g8hCz1GmqRTelIPIW,https://api.spotify.com/v1/audio-analysis/3Ed55g8hCz1GmqRTelIPIW,212853,4
On the Frame (Acoustic),Beta Radio,0.458,0.256,2,-13.301,0,0.0308,0.961,0.000309,0.0951,0.317,140.617,audio_features,5TjAhRtHiLjCrzuOhgk50U,spotify:track:5TjAhRtHiLjCrzuOhgk50U,https://api.spotify.com/v1/tracks/5TjAhRtHiLjCrzuOhgk50U,https://api.spotify.com/v1/audio-analysis/5TjAhRtHiLjCrzuOhgk50U,184932,4
Don't Watch Me Dancing,Little Joy,0.503,0.284,6,-12.92,1,0.0396,0.872,0.558,0.143,0.526,142.913,audio_features,4f1n0muKxA870NYsPmraLN,spotify:track:4f1n0muKxA870NYsPmraLN,https://api.spotify.com/v1/tracks/4f1n0muKxA870NYsPmraLN,https://api.spotify.com/v1/audio-analysis/4f1n0muKxA870NYsPmraLN,214413,3
Evaporar,Little Joy,0.623,0.208,9,-14.083,1,0.0408,0.904,0.918,0.12,0.235,84.584,audio_features,0ytcZAli1HSG5qHNp76y6Y,spotify:track:0ytcZAli1HSG5qHNp76y6Y,https://api.spotify.com/v1/tracks/0ytcZAli1HSG5qHNp76y6Y,https://api.spotify.com/v1/audio-analysis/0ytcZAli1HSG5qHNp76y6Y,230800,3
Unattainable,Little Joy,0.571,0.11,11,-12.539,1,0.0428,0.964,0.00116,0.162,0.492,109.842,audio_features,78dUBuP4dmw7krQz2yEI97,spotify:track:78dUBuP4dmw7krQz2yEI97,https://api.spotify.com/v1/tracks/78dUBuP4dmw7krQz2yEI97,https://api.spotify.com/v1/audio-analysis/78dUBuP4dmw7krQz2yEI97,119587,4
Beautiful,Belle and Sebastian,0.487,0.369,1,-10.446,0,0.0489,0.637,0.000293,0.0929,0.234,116.875,audio_features,0VqU5fPMcFo3iH1aWlDevK,spotify:track:0VqU5fPMcFo3iH1aWlDevK,https://api.spotify.com/v1/tracks/0VqU5fPMcFo3iH1aWlDevK,https://api.spotify.com/v1/audio-analysis/0VqU5fPMcFo3iH1aWlDevK,313920,4
warm glow,Hippo Campus,0.445,0.446,9,-8.87,1,0.0286,0.324,0.119,0.106,0.0384,92.463,audio_features,0WSPIU3Y3bNXsGeKnzSnt1,spotify:track:0WSPIU3Y3bNXsGeKnzSnt1,https://api.spotify.com/v1/tracks/0WSPIU3Y3bNXsGeKnzSnt1,https://api.spotify.com/v1/audio-analysis/0WSPIU3Y3bNXsGeKnzSnt1,358870,4
Perfectly Out Of Place,Dreams We've Had,0.437,0.419,11,-8.003,1,0.0311,0.374,0.142,0.0767,0.118,110.065,audio_features,1ogk8gkNwRw9iHONH2CAna,spotify:track:1ogk8gkNwRw9iHONH2CAna,https://api.spotify.com/v1/tracks/1ogk8gkNwRw9iHONH2CAna,https://api.spotify.com/v1/audio-analysis/1ogk8gkNwRw9iHONH2CAna,293455,4
Kathrin With a K,Super Whatevr,0.626,0.271,2,-10.481,1,0.0281,0.609,0.0011,0.113,0.291,99.982,audio_features,5AGC0c1Hqv2iiUpvvxVexq,spotify:track:5AGC0c1Hqv2iiUpvvxVexq,https://api.spotify.com/v1/tracks/5AGC0c1Hqv2iiUpvvxVexq,https://api.spotify.com/v1/audio-analysis/5AGC0c1Hqv2iiUpvvxVexq,267716,4
Isle of Strawberries,Edwin Raphael,0.626,0.25,1,-8.006,0,0.0308,0.613,6.62e-05,0.12,0.308,134.971,audio_features,7zfTF24acTKL42XSfzGETi,spotify:track:7zfTF24acTKL42XSfzGETi,https://api.spotify.com/v1/tracks/7zfTF24acTKL42XSfzGETi,https://api.spotify.com/v1/audio-analysis/7zfTF24acTKL42XSfzGETi,216370,4
Volta,O Terno,0.387,0.154,10,-11.68,1,0.0405,0.967,0.000113,0.113,0.306,83.347,audio_features,4Qq8rERaPWkDuZsvSWR9LL,spotify:track:4Qq8rERaPWkDuZsvSWR9LL,https://api.spotify.com/v1/tracks/4Qq8rERaPWkDuZsvSWR9LL,https://api.spotify.com/v1/audio-analysis/4Qq8rERaPWkDuZsvSWR9LL,222107,3
Cartão Postal,Apanhador Só,0.527,0.296,8,-10.002,0,0.0347,0.918,0.000398,0.263,0.216,112.995,audio_features,2LWW6D1zabtolij6KFXQYm,spotify:track:2LWW6D1zabtolij6KFXQYm,https://api.spotify.com/v1/tracks/2LWW6D1zabtolij6KFXQYm,https://api.spotify.com/v1/audio-analysis/2LWW6D1zabtolij6KFXQYm,256173,4
You Already Know,"Bombay Bicycle Club, Kathryn Williams",0.662,0.207,2,-16.176,1,0.0427,0.916,0.0698,0.101,0.496,95.466,audio_features,0QUiguzo0mWdlBk6Nvujic,spotify:track:0QUiguzo0mWdlBk6Nvujic,https://api.spotify.com/v1/tracks/0QUiguzo0mWdlBk6Nvujic,https://api.spotify.com/v1/audio-analysis/0QUiguzo0mWdlBk6Nvujic,262533,4
Pull Over (Now),Gengahr,0.518,0.735,2,-6.124,1,0.0364,0.11,0.00574,0.0907,0.377,81.023,audio_features,2y0ksBOhMh9hbJRLTNK8jC,spotify:track:2y0ksBOhMh9hbJRLTNK8jC,https://api.spotify.com/v1/tracks/2y0ksBOhMh9hbJRLTNK8jC,https://api.spotify.com/v1/audio-analysis/2y0ksBOhMh9hbJRLTNK8jC,260885,4
Step,Vampire Weekend,0.624,0.724,10,-7.113,1,0.101,0.591,7.79e-06,0.101,0.624,78.008,audio_features,78J9MBkAoqfvyeEpQKJDzD,spotify:track:78J9MBkAoqfvyeEpQKJDzD,https://api.spotify.com/v1/tracks/78J9MBkAoqfvyeEpQKJDzD,https://api.spotify.com/v1/audio-analysis/78J9MBkAoqfvyeEpQKJDzD,251627,4
Always Like This,Bombay Bicycle Club,0.659,0.591,1,-6.713,1,0.0313,0.441,0.000861,0.0862,0.707,121.14,audio_features,73M2Vb5MfZh8iGKudkMtlw,spotify:track:73M2Vb5MfZh8iGKudkMtlw,https://api.spotify.com/v1/tracks/73M2Vb5MfZh8iGKudkMtlw,https://api.spotify.com/v1/audio-analysis/73M2Vb5MfZh8iGKudkMtlw,245640,4
Easier,Mansionair,0.449,0.511,1,-5.995,1,0.0419,0.198,0.00946,0.0759,0.221,116.286,audio_features,3nATeGcFdtkhpUrRvgr667,spotify:track:3nATeGcFdtkhpUrRvgr667,https://api.spotify.com/v1/tracks/3nATeGcFdtkhpUrRvgr667,https://api.spotify.com/v1/audio-analysis/3nATeGcFdtkhpUrRvgr667,272600,4
You're Somebody Else,flora cash,0.713,0.452,1,-9.638,1,0.0295,0.841,0.0038,0.105,0.235,102.963,audio_features,0pdKRp2sUthTPe7RLWpPqQ,spotify:track:0pdKRp2sUthTPe7RLWpPqQ,https://api.spotify.com/v1/tracks/0pdKRp2sUthTPe7RLWpPqQ,https://api.spotify.com/v1/audio-analysis/0pdKRp2sUthTPe7RLWpPqQ,218883,4
Nearer My God,Foxing,0.445,0.755,4,-7.339,1,0.0377,0.00433,0.00204,0.291,0.0692,119.994,audio_features,1tSVf4MEdh8kVwKCmZw6uc,spotify:track:1tSVf4MEdh8kVwKCmZw6uc,https://api.spotify.com/v1/tracks/1tSVf4MEdh8kVwKCmZw6uc,https://api.spotify.com/v1/audio-analysis/1tSVf4MEdh8kVwKCmZw6uc,215693,4
"Welcome Home, Son",Radical Face,0.587,0.497,6,-10.757,1,0.0307,0.723,0.782,0.142,0.401,144.972,audio_features,6HTVZeVQ9J6Uiq6tHESxU9,spotify:track:6HTVZeVQ9J6Uiq6tHESxU9,https://api.spotify.com/v1/tracks/6HTVZeVQ9J6Uiq6tHESxU9,https://api.spotify.com/v1/audio-analysis/6HTVZeVQ9J6Uiq6tHESxU9,287634,3
Lilo,The Japanese House,0.557,0.558,7,-8.797,1,0.0463,0.471,0.0,0.0957,0.22,119.787,audio_features,3RpwjGzgb8QAuOnZbdDZZs,spotify:track:3RpwjGzgb8QAuOnZbdDZZs,https://api.spotify.com/v1/tracks/3RpwjGzgb8QAuOnZbdDZZs,https://api.spotify.com/v1/audio-analysis/3RpwjGzgb8QAuOnZbdDZZs,250067,4
Stuck on the puzzle,Alex Turner,0.58,0.682,4,-8.523,1,0.0332,0.0792,0.0316,0.161,0.774,77.53,audio_features,3cUxncrTWSA9lhlQbuIwUY,spotify:track:3cUxncrTWSA9lhlQbuIwUY,https://api.spotify.com/v1/tracks/3cUxncrTWSA9lhlQbuIwUY,https://api.spotify.com/v1/audio-analysis/3cUxncrTWSA9lhlQbuIwUY,211053,4
Não,Tim Bernardes,0.438,0.0928,4,-13.709,1,0.0416,0.822,0.0,0.118,0.194,143.49,audio_features,7EaxLW81WCgYuHSu6UBcMa,spotify:track:7EaxLW81WCgYuHSu6UBcMa,https://api.spotify.com/v1/tracks/7EaxLW81WCgYuHSu6UBcMa,https://api.spotify.com/v1/audio-analysis/7EaxLW81WCgYuHSu6UBcMa,237587,3
Grace,Phillip Long,0.648,0.334,9,-12.31,1,0.0291,0.623,0.00221,0.246,0.432,130.022,audio_features,1tGfetmGzNQeJ7AZUhCaar,spotify:track:1tGfetmGzNQeJ7AZUhCaar,https://api.spotify.com/v1/tracks/1tGfetmGzNQeJ7AZUhCaar,https://api.spotify.com/v1/audio-analysis/1tGfetmGzNQeJ7AZUhCaar,196253,4
Beige,Yoke Lore,0.434,0.677,10,-7.535,1,0.119,0.384,0.0684,0.119,0.218,167.927,audio_features,0FfZudphGgQTGeEV6AhmOs,spotify:track:0FfZudphGgQTGeEV6AhmOs,https://api.spotify.com/v1/tracks/0FfZudphGgQTGeEV6AhmOs,https://api.spotify.com/v1/audio-analysis/0FfZudphGgQTGeEV6AhmOs,204209,4
Space Song,Beach House,0.509,0.79,0,-7.105,0,0.0293,0.218,0.125,0.144,0.625,147.073,audio_features,5d8CreUdJvZejvTUo1IHLw,spotify:track:5d8CreUdJvZejvTUo1IHLw,https://api.spotify.com/v1/tracks/5d8CreUdJvZejvTUo1IHLw,https://api.spotify.com/v1/audio-analysis/5d8CreUdJvZejvTUo1IHLw,320467,4
Runaway,The National,0.583,0.441,4,-10.321,1,0.0325,0.869,0.557,0.117,0.349,135.037,audio_features,4CwpP3vWh0f5VsEmvdOWib,spotify:track:4CwpP3vWh0f5VsEmvdOWib,https://api.spotify.com/v1/tracks/4CwpP3vWh0f5VsEmvdOWib,https://api.spotify.com/v1/audio-analysis/4CwpP3vWh0f5VsEmvdOWib,333787,3
Cinder and Smoke,Iron & Wine,0.731,0.3,11,-14.641,0,0.0336,0.864,0.808,0.104,0.397,112.178,audio_features,6a20J6YFMYUjUZ7WnuJYZu,spotify:track:6a20J6YFMYUjUZ7WnuJYZu,https://api.spotify.com/v1/tracks/6a20J6YFMYUjUZ7WnuJYZu,https://api.spotify.com/v1/audio-analysis/6a20J6YFMYUjUZ7WnuJYZu,344320,4
Be Here Now,Gustavo Bertoni,0.57,0.219,3,-14.433,1,0.0305,0.837,0.0112,0.319,0.263,99.542,audio_features,04NQ1q92DRbxWq6lhpVVDQ,spotify:track:04NQ1q92DRbxWq6lhpVVDQ,https://api.spotify.com/v1/tracks/04NQ1q92DRbxWq6lhpVVDQ,https://api.spotify.com/v1/audio-analysis/04NQ1q92DRbxWq6lhpVVDQ,219134,4
A Lack Of Color,Death Cab for Cutie,0.642,0.339,3,-11.884,1,0.0291,0.81,0.000751,0.108,0.355,135.812,audio_features,4mCF3EBgGPSqmEm205KBAV,spotify:track:4mCF3EBgGPSqmEm205KBAV,https://api.spotify.com/v1/tracks/4mCF3EBgGPSqmEm205KBAV,https://api.spotify.com/v1/audio-analysis/4mCF3EBgGPSqmEm205KBAV,215933,4
Halcyon,The Paper Kites,0.633,0.382,2,-13.637,1,0.0256,0.806,0.161,0.0829,0.2,101.012,audio_features,4abEe6s1Ja2qSxqC6BUzn1,spotify:track:4abEe6s1Ja2qSxqC6BUzn1,https://api.spotify.com/v1/tracks/4abEe6s1Ja2qSxqC6BUzn1,https://api.spotify.com/v1/audio-analysis/4abEe6s1Ja2qSxqC6BUzn1,239080,4
3 Rounds and a Sound,Blind Pilot,0.381,0.288,1,-12.323,1,0.0337,0.843,0.00226,0.12,0.198,59.343,audio_features,6AYFKOPbmd12rUP5DalRwB,spotify:track:6AYFKOPbmd12rUP5DalRwB,https://api.spotify.com/v1/tracks/6AYFKOPbmd12rUP5DalRwB,https://api.spotify.com/v1/audio-analysis/6AYFKOPbmd12rUP5DalRwB,266960,4
Video Games,Radical Face,0.48,0.348,7,-11.646,1,0.0428,0.744,0.00207,0.1,0.143,63.464,audio_features,1TJlbxArMUQca5A3tfNyl2,spotify:track:1TJlbxArMUQca5A3tfNyl2,https://api.spotify.com/v1/tracks/1TJlbxArMUQca5A3tfNyl2,https://api.spotify.com/v1/audio-analysis/1TJlbxArMUQca5A3tfNyl2,207000,4
Homing,Yoke Lore,0.507,0.466,0,-9.012,1,0.0297,0.814,0.0713,0.128,0.206,129.91,audio_features,0DlTCllcloMx4ENilIfxan,spotify:track:0DlTCllcloMx4ENilIfxan,https://api.spotify.com/v1/tracks/0DlTCllcloMx4ENilIfxan,https://api.spotify.com/v1/audio-analysis/0DlTCllcloMx4ENilIfxan,217269,4
Southern Star,Gregory Alan Isakov,0.559,0.343,0,-10.623,1,0.031,0.746,0.00236,0.101,0.228,132.659,audio_features,6YXbSjabsKQ1pNvj6zcJ9V,spotify:track:6YXbSjabsKQ1pNvj6zcJ9V,https://api.spotify.com/v1/tracks/6YXbSjabsKQ1pNvj6zcJ9V,https://api.spotify.com/v1/audio-analysis/6YXbSjabsKQ1pNvj6zcJ9V,139240,3
Hide and Seek,Imogen Heap,0.451,0.166,9,-11.125,1,0.0696,0.909,0.0,0.19,0.0901,121.123,audio_features,7mMlbJlXXo2mRtQ4R9sIzD,spotify:track:7mMlbJlXXo2mRtQ4R9sIzD,https://api.spotify.com/v1/tracks/7mMlbJlXXo2mRtQ4R9sIzD,https://api.spotify.com/v1/audio-analysis/7mMlbJlXXo2mRtQ4R9sIzD,268980,4
Hymn,Bjéar,0.142,0.198,2,-13.164,1,0.0301,0.692,0.0925,0.112,0.0394,84.275,audio_features,1VGCIpDw7EJG3oIuw7Hnnq,spotify:track:1VGCIpDw7EJG3oIuw7Hnnq,https://api.spotify.com/v1/tracks/1VGCIpDw7EJG3oIuw7Hnnq,https://api.spotify.com/v1/audio-analysis/1VGCIpDw7EJG3oIuw7Hnnq,277000,4
Solstice,Richy Mitch & The Coal Miners,0.475,0.184,7,-16.804,1,0.0326,0.716,0.000425,0.104,0.157,127.348,audio_features,6ug8xD1Q4jhgfE8t7r2ZKl,spotify:track:6ug8xD1Q4jhgfE8t7r2ZKl,https://api.spotify.com/v1/tracks/6ug8xD1Q4jhgfE8t7r2ZKl,https://api.spotify.com/v1/audio-analysis/6ug8xD1Q4jhgfE8t7r2ZKl,306040,4
"10,000 Weight In Gold",The Head And The Heart,0.484,0.489,1,-9.538,1,0.023,0.464,0.56,0.141,0.259,82.202,audio_features,1dKyBRZ7ckTsgdzRoWdgRY,spotify:track:1dKyBRZ7ckTsgdzRoWdgRY,https://api.spotify.com/v1/tracks/1dKyBRZ7ckTsgdzRoWdgRY,https://api.spotify.com/v1/audio-analysis/1dKyBRZ7ckTsgdzRoWdgRY,252306,4
True Care,James Vincent McMorrow,0.447,0.297,11,-8.81,0,0.0459,0.848,6.93e-05,0.184,0.188,143.315,audio_features,1zUj5lTHBiu3EkNr8KB27x,spotify:track:1zUj5lTHBiu3EkNr8KB27x,https://api.spotify.com/v1/tracks/1zUj5lTHBiu3EkNr8KB27x,https://api.spotify.com/v1/audio-analysis/1zUj5lTHBiu3EkNr8KB27x,234333,4
Forgetting How to Swim,Run it's the Kid,0.709,0.288,0,-13.254,1,0.0312,0.662,0.003,0.11,0.406,107.598,audio_features,5lmCkYVA7AFTHexCHJp2VK,spotify:track:5lmCkYVA7AFTHexCHJp2VK,https://api.spotify.com/v1/tracks/5lmCkYVA7AFTHexCHJp2VK,https://api.spotify.com/v1/audio-analysis/5lmCkYVA7AFTHexCHJp2VK,195280,4
Bedford Falls,ford.,0.375,0.374,1,-8.476,1,0.0371,0.94,0.587,0.209,0.0932,170.136,audio_features,3czU3hYMIg7bdfVFXJWCvI,spotify:track:3czU3hYMIg7bdfVFXJWCvI,https://api.spotify.com/v1/tracks/3czU3hYMIg7bdfVFXJWCvI,https://api.spotify.com/v1/audio-analysis/3czU3hYMIg7bdfVFXJWCvI,203294,4
Now That I'm Older,Wilderado,0.187,0.303,9,-10.172,1,0.0383,0.585,0.135,0.107,0.0378,181.88,audio_features,5qo32EQuOBG9qvs3Hf2FYZ,spotify:track:5qo32EQuOBG9qvs3Hf2FYZ,https://api.spotify.com/v1/tracks/5qo32EQuOBG9qvs3Hf2FYZ,https://api.spotify.com/v1/audio-analysis/5qo32EQuOBG9qvs3Hf2FYZ,235000,3
Hope,Kid Wise,0.531,0.918,2,-4.34,1,0.041,0.0119,0.28,0.122,0.376,133.917,audio_features,1kjaDbJzIBjuKxF2hk6ACj,spotify:track:1kjaDbJzIBjuKxF2hk6ACj,https://api.spotify.com/v1/tracks/1kjaDbJzIBjuKxF2hk6ACj,https://api.spotify.com/v1/audio-analysis/1kjaDbJzIBjuKxF2hk6ACj,312587,4
17,Youth Lagoon,0.354,0.263,0,-8.506,1,0.0483,0.848,0.724,0.115,0.118,79.957,audio_features,3WtB2who5tPeyzpe2rAoPk,spotify:track:3WtB2who5tPeyzpe2rAoPk,https://api.spotify.com/v1/tracks/3WtB2who5tPeyzpe2rAoPk,https://api.spotify.com/v1/audio-analysis/3WtB2who5tPeyzpe2rAoPk,236000,4
The Melody of a Fallen Tree,Windsor For The Derby,0.643,0.651,7,-11.634,1,0.031,0.401,0.521,0.0898,0.292,120.496,audio_features,3NajfY7p2Si4qVvHba51X3,spotify:track:3NajfY7p2Si4qVvHba51X3,https://api.spotify.com/v1/tracks/3NajfY7p2Si4qVvHba51X3,https://api.spotify.com/v1/audio-analysis/3NajfY7p2Si4qVvHba51X3,490667,4
Hallelujah,Jeff Buckley,0.339,0.143,0,-10.78,1,0.0317,0.921,0.000636,0.372,0.0948,101.213,audio_features,74X1epeRufHckhuX1KFD04,spotify:track:74X1epeRufHckhuX1KFD04,https://api.spotify.com/v1/tracks/74X1epeRufHckhuX1KFD04,https://api.spotify.com/v1/audio-analysis/74X1epeRufHckhuX1KFD04,413320,3
Bobby,beabadoobee,0.488,0.164,11,-14.141,0,0.0402,0.974,0.244,0.105,0.315,128.456,audio_features,4nrdAPKfJDJ8Iiifa9WvD9,spotify:track:4nrdAPKfJDJ8Iiifa9WvD9,https://api.spotify.com/v1/tracks/4nrdAPKfJDJ8Iiifa9WvD9,https://api.spotify.com/v1/audio-analysis/4nrdAPKfJDJ8Iiifa9WvD9,205176,4
Malibu 1992,COIN,0.559,0.32,6,-7.694,1,0.0414,0.0644,0.132,0.173,0.497,147.366,audio_features,0nMqu5vN44GNv8UOQxmBJK,spotify:track:0nMqu5vN44GNv8UOQxmBJK,https://api.spotify.com/v1/tracks/0nMqu5vN44GNv8UOQxmBJK,https://api.spotify.com/v1/audio-analysis/0nMqu5vN44GNv8UOQxmBJK,341200,4
Pills,Joji,0.454,0.407,11,-10.733,1,0.0739,0.582,0.774,0.117,0.242,81.401,audio_features,5xwKCPdE3kyU0XwqfbyQsx,spotify:track:5xwKCPdE3kyU0XwqfbyQsx,https://api.spotify.com/v1/tracks/5xwKCPdE3kyU0XwqfbyQsx,https://api.spotify.com/v1/audio-analysis/5xwKCPdE3kyU0XwqfbyQsx,187134,3
January,Verzache,0.689,0.246,4,-13.33,1,0.0379,0.933,0.0534,0.113,0.18,87.985,audio_features,4ufN2o3Rf6LN5Z0XaqJXIz,spotify:track:4ufN2o3Rf6LN5Z0XaqJXIz,https://api.spotify.com/v1/tracks/4ufN2o3Rf6LN5Z0XaqJXIz,https://api.spotify.com/v1/audio-analysis/4ufN2o3Rf6LN5Z0XaqJXIz,196364,4
Such Great Heights - Remastered,The Postal Service,0.641,0.808,5,-7.268,1,0.0512,0.0487,0.191,0.065,0.172,174.981,audio_features,27LyQFdQbui4TnRs05cZ8C,spotify:track:27LyQFdQbui4TnRs05cZ8C,https://api.spotify.com/v1/tracks/27LyQFdQbui4TnRs05cZ8C,https://api.spotify.com/v1/audio-analysis/27LyQFdQbui4TnRs05cZ8C,266507,4
Strawberries,Caamp,0.547,0.0897,3,-18.732,1,0.0457,0.963,0.00578,0.111,0.263,117.17,audio_features,0ESvfrHfNuAtkZp8SMJBOY,spotify:track:0ESvfrHfNuAtkZp8SMJBOY,https://api.spotify.com/v1/tracks/0ESvfrHfNuAtkZp8SMJBOY,https://api.spotify.com/v1/audio-analysis/0ESvfrHfNuAtkZp8SMJBOY,219344,5
The Only Thing,Sufjan Stevens,0.516,0.15,3,-19.033,1,0.0405,0.987,0.0843,0.113,0.473,158.964,audio_features,0eVYGqIPngJQUeRwGeVeXG,spotify:track:0eVYGqIPngJQUeRwGeVeXG,https://api.spotify.com/v1/tracks/0eVYGqIPngJQUeRwGeVeXG,https://api.spotify.com/v1/audio-analysis/0eVYGqIPngJQUeRwGeVeXG,281865,4
First Field,The Antlers,0.561,0.261,2,-17.757,1,0.0547,0.746,0.872,0.127,0.279,74.91,audio_features,3irtiZ6iy1C7CmMdzF11rT,spotify:track:3irtiZ6iy1C7CmMdzF11rT,https://api.spotify.com/v1/tracks/3irtiZ6iy1C7CmMdzF11rT,https://api.spotify.com/v1/audio-analysis/3irtiZ6iy1C7CmMdzF11rT,102107,4
Good Morning,Ralph Castelli,0.786,0.659,0,-10.861,1,0.034,0.644,0.0442,0.104,0.311,117.003,audio_features,6rEkaGgEj1HLWZ9mjcZDjP,spotify:track:6rEkaGgEj1HLWZ9mjcZDjP,https://api.spotify.com/v1/tracks/6rEkaGgEj1HLWZ9mjcZDjP,https://api.spotify.com/v1/audio-analysis/6rEkaGgEj1HLWZ9mjcZDjP,262564,4
Blood,The Middle East,0.473,0.478,11,-8.585,1,0.0282,0.0984,0.0747,0.118,0.116,79.043,audio_features,5eeMft4YZx0Xdf9yJPNZJY,spotify:track:5eeMft4YZx0Xdf9yJPNZJY,https://api.spotify.com/v1/tracks/5eeMft4YZx0Xdf9yJPNZJY,https://api.spotify.com/v1/audio-analysis/5eeMft4YZx0Xdf9yJPNZJY,326920,4
Let Me In,Snowmine,0.188,0.675,6,-6.188,1,0.0379,0.206,0.0962,0.662,0.617,70.682,audio_features,0jcHQTvfHCH1LETpdMdHJo,spotify:track:0jcHQTvfHCH1LETpdMdHJo,https://api.spotify.com/v1/tracks/0jcHQTvfHCH1LETpdMdHJo,https://api.spotify.com/v1/audio-analysis/0jcHQTvfHCH1LETpdMdHJo,219227,4
Sometimes,Goth Babe,0.445,0.563,7,-8.904,1,0.0315,0.105,0.000271,0.179,0.204,94.978,audio_features,7oJmIBxEAYjfkS7lhZ7M1S,spotify:track:7oJmIBxEAYjfkS7lhZ7M1S,https://api.spotify.com/v1/tracks/7oJmIBxEAYjfkS7lhZ7M1S,https://api.spotify.com/v1/audio-analysis/7oJmIBxEAYjfkS7lhZ7M1S,262737,4
Umpqua Rushing,Blind Pilot,0.472,0.584,0,-7.119,1,0.0347,0.23,0.00746,0.193,0.432,78.007,audio_features,2ZzoFGdygE4uLVHUGAaR0O,spotify:track:2ZzoFGdygE4uLVHUGAaR0O,https://api.spotify.com/v1/tracks/2ZzoFGdygE4uLVHUGAaR0O,https://api.spotify.com/v1/audio-analysis/2ZzoFGdygE4uLVHUGAaR0O,254747,4
Solo,Oh Wonder,0.567,0.644,0,-7.005,1,0.0488,0.434,0.000319,0.463,0.34,108.061,audio_features,7HHwxrSIIqyIMmpbSfgXeA,spotify:track:7HHwxrSIIqyIMmpbSfgXeA,https://api.spotify.com/v1/tracks/7HHwxrSIIqyIMmpbSfgXeA,https://api.spotify.com/v1/audio-analysis/7HHwxrSIIqyIMmpbSfgXeA,204933,4
Woman,Mumford & Sons,0.592,0.555,1,-10.499,0,0.0381,0.662,0.452,0.111,0.142,156.957,audio_features,47DKI4RxI8ZW0sBqDenMhO,spotify:track:47DKI4RxI8ZW0sBqDenMhO,https://api.spotify.com/v1/tracks/47DKI4RxI8ZW0sBqDenMhO,https://api.spotify.com/v1/audio-analysis/47DKI4RxI8ZW0sBqDenMhO,274553,4
Nine,La Dispute,0.575,0.408,5,-6.848,1,0.0302,0.913,0.493,0.0892,0.0321,100.027,audio_features,299KUyIYhezxrtXiwNamtP,spotify:track:299KUyIYhezxrtXiwNamtP,https://api.spotify.com/v1/tracks/299KUyIYhezxrtXiwNamtP,https://api.spotify.com/v1/audio-analysis/299KUyIYhezxrtXiwNamtP,160000,4
La Lune,Billie Marten,0.296,0.342,2,-11.879,1,0.0471,0.882,0.000967,0.0748,0.0794,52.001,audio_features,0DwaOWI1kC2s98qLj0LTDd,spotify:track:0DwaOWI1kC2s98qLj0LTDd,https://api.spotify.com/v1/tracks/0DwaOWI1kC2s98qLj0LTDd,https://api.spotify.com/v1/audio-analysis/0DwaOWI1kC2s98qLj0LTDd,187267,4
with you/for you,Prateek Kuhad,0.732,0.309,6,-13.796,1,0.0361,0.811,0.175,0.106,0.322,114.095,audio_features,3V3PN2Rs7qjVcnBi60QdMb,spotify:track:3V3PN2Rs7qjVcnBi60QdMb,https://api.spotify.com/v1/tracks/3V3PN2Rs7qjVcnBi60QdMb,https://api.spotify.com/v1/audio-analysis/3V3PN2Rs7qjVcnBi60QdMb,231898,4
"You Loved Me, You Killed Me",Odina,0.382,0.138,3,-12.509,1,0.0318,0.944,0.00013,0.101,0.102,104.649,audio_features,1NodY8JMQCZAwpNd6Rsqew,spotify:track:1NodY8JMQCZAwpNd6Rsqew,https://api.spotify.com/v1/tracks/1NodY8JMQCZAwpNd6Rsqew,https://api.spotify.com/v1/audio-analysis/1NodY8JMQCZAwpNd6Rsqew,200906,4
Santa Monica Dream,Angus & Julia Stone,0.617,0.266,5,-13.707,1,0.0337,0.905,0.0634,0.108,0.0679,120.196,audio_features,2SAr2lP8GwNYcJvbAVTKxi,spotify:track:2SAr2lP8GwNYcJvbAVTKxi,https://api.spotify.com/v1/tracks/2SAr2lP8GwNYcJvbAVTKxi,https://api.spotify.com/v1/audio-analysis/2SAr2lP8GwNYcJvbAVTKxi,330200,4
Dreams Tonite,Alvvays,0.51,0.622,2,-5.727,1,0.0242,0.0108,4.11e-06,0.127,0.424,99.934,audio_features,0DRvClQbN9znQ295sx76VC,spotify:track:0DRvClQbN9znQ295sx76VC,https://api.spotify.com/v1/tracks/0DRvClQbN9znQ295sx76VC,https://api.spotify.com/v1/audio-analysis/0DRvClQbN9znQ295sx76VC,196027,4
A Boy And His Rose,Sean Heathcliff,0.318,0.664,0,-10.763,1,0.0514,0.206,0.847,0.138,0.374,111.998,audio_features,6xZ3PWSh0duo0ETm4lJ3lF,spotify:track:6xZ3PWSh0duo0ETm4lJ3lF,https://api.spotify.com/v1/tracks/6xZ3PWSh0duo0ETm4lJ3lF,https://api.spotify.com/v1/audio-analysis/6xZ3PWSh0duo0ETm4lJ3lF,192072,4
In The Morning,Nicole Reynolds,0.557,0.0758,11,-15.367,1,0.0373,0.951,0.000145,0.105,0.359,109.353,audio_features,5G89r6tEKp9ZrR3xivmMET,spotify:track:5G89r6tEKp9ZrR3xivmMET,https://api.spotify.com/v1/tracks/5G89r6tEKp9ZrR3xivmMET,https://api.spotify.com/v1/audio-analysis/5G89r6tEKp9ZrR3xivmMET,176600,4
Agoraphobia,Autoheart,0.437,0.248,2,-15.22,1,0.0287,0.804,0.00252,0.091,0.222,139.728,audio_features,4OIuUoYoO87LnzzaHNp1Ej,spotify:track:4OIuUoYoO87LnzzaHNp1Ej,https://api.spotify.com/v1/tracks/4OIuUoYoO87LnzzaHNp1Ej,https://api.spotify.com/v1/audio-analysis/4OIuUoYoO87LnzzaHNp1Ej,265929,4
Only,RY X,0.429,0.167,7,-15.725,0,0.0298,0.902,0.522,0.109,0.0913,109.071,audio_features,1GxNPd5r7D1zChEMuMhue0,spotify:track:1GxNPd5r7D1zChEMuMhue0,https://api.spotify.com/v1/tracks/1GxNPd5r7D1zChEMuMhue0,https://api.spotify.com/v1/audio-analysis/1GxNPd5r7D1zChEMuMhue0,268456,4
Mary (Alternate),Yellow Ostrich,0.298,0.406,8,-9.738,1,0.0566,0.228,0.00122,0.122,0.246,199.469,audio_features,2WsPW6yawWU8zczAeKk4c0,spotify:track:2WsPW6yawWU8zczAeKk4c0,https://api.spotify.com/v1/tracks/2WsPW6yawWU8zczAeKk4c0,https://api.spotify.com/v1/audio-analysis/2WsPW6yawWU8zczAeKk4c0,253000,4
Promise,Ben Howard,0.367,0.189,2,-15.736,1,0.0384,0.889,0.428,0.364,0.177,156.643,audio_features,4qyfir5Yr7nfo05g6cyFMT,spotify:track:4qyfir5Yr7nfo05g6cyFMT,https://api.spotify.com/v1/tracks/4qyfir5Yr7nfo05g6cyFMT,https://api.spotify.com/v1/audio-analysis/4qyfir5Yr7nfo05g6cyFMT,384080,4
Milk White Air,J. Tillman,0.463,0.122,5,-15.377,1,0.0335,0.874,0.329,0.103,0.18,102.983,audio_features,6lFHBbN3sDmSTqpEdZyBGv,spotify:track:6lFHBbN3sDmSTqpEdZyBGv,https://api.spotify.com/v1/tracks/6lFHBbN3sDmSTqpEdZyBGv,https://api.spotify.com/v1/audio-analysis/6lFHBbN3sDmSTqpEdZyBGv,210173,4
Loneliness,Aaron Taos,0.613,0.488,4,-5.918,1,0.0253,0.242,0.000287,0.0944,0.0939,90.043,audio_features,58rs5ZN3jjZ03rOuVyPNZb,spotify:track:58rs5ZN3jjZ03rOuVyPNZb,https://api.spotify.com/v1/tracks/58rs5ZN3jjZ03rOuVyPNZb,https://api.spotify.com/v1/audio-analysis/58rs5ZN3jjZ03rOuVyPNZb,244000,3
The Next World,Opus Orange,0.633,0.387,7,-12.239,1,0.0332,0.223,0.138,0.102,0.297,93.996,audio_features,0JXKS3yn0oeSBeji20J523,spotify:track:0JXKS3yn0oeSBeji20J523,https://api.spotify.com/v1/tracks/0JXKS3yn0oeSBeji20J523,https://api.spotify.com/v1/audio-analysis/0JXKS3yn0oeSBeji20J523,340921,4
Apricot Eyes,Alan Gogoll,0.417,0.271,9,-21.495,1,0.052,0.773,0.898,0.0999,0.549,128.13,audio_features,1mzjbH3G6oEm2OUTpXOS6f,spotify:track:1mzjbH3G6oEm2OUTpXOS6f,https://api.spotify.com/v1/tracks/1mzjbH3G6oEm2OUTpXOS6f,https://api.spotify.com/v1/audio-analysis/1mzjbH3G6oEm2OUTpXOS6f,204000,4
Apathy Dance,Gustavo Bertoni,0.447,0.281,0,-9.223,1,0.0319,0.857,0.000207,0.107,0.267,129.648,audio_features,2z37pTrYrn8ncBt8QhxIl0,spotify:track:2z37pTrYrn8ncBt8QhxIl0,https://api.spotify.com/v1/tracks/2z37pTrYrn8ncBt8QhxIl0,https://api.spotify.com/v1/audio-analysis/2z37pTrYrn8ncBt8QhxIl0,204406,4
lvr boy,awfultune,0.498,0.0283,6,-25.021,1,0.0427,0.949,1.76e-06,0.251,0.0653,85.473,audio_features,6Py8QOQ4I1286xM9KncPQ4,spotify:track:6Py8QOQ4I1286xM9KncPQ4,https://api.spotify.com/v1/tracks/6Py8QOQ4I1286xM9KncPQ4,https://api.spotify.com/v1/audio-analysis/6Py8QOQ4I1286xM9KncPQ4,295751,4
Honey Let's Just Drive,Philip Brooks,0.53,0.497,9,-13.07,1,0.0294,0.0425,0.3,0.0928,0.128,139.982,audio_features,06OLH1cjQrSuWrqg7FXTD3,spotify:track:06OLH1cjQrSuWrqg7FXTD3,https://api.spotify.com/v1/tracks/06OLH1cjQrSuWrqg7FXTD3,https://api.spotify.com/v1/audio-analysis/06OLH1cjQrSuWrqg7FXTD3,211286,4
Where's My Love - Acoustic,SYML,0.554,0.226,3,-11.323,1,0.0281,0.891,0.0321,0.107,0.229,104.005,audio_features,51Yy4jTMPlq0Qwnn53id64,spotify:track:51Yy4jTMPlq0Qwnn53id64,https://api.spotify.com/v1/tracks/51Yy4jTMPlq0Qwnn53id64,https://api.spotify.com/v1/audio-analysis/51Yy4jTMPlq0Qwnn53id64,239880,4
Lua,Bright Eyes,0.601,0.124,2,-18.301,1,0.083,0.802,3e-05,0.0565,0.314,103.63,audio_features,4PMvRfhHAx5j6Bb3XsFLoq,spotify:track:4PMvRfhHAx5j6Bb3XsFLoq,https://api.spotify.com/v1/tracks/4PMvRfhHAx5j6Bb3XsFLoq,https://api.spotify.com/v1/audio-analysis/4PMvRfhHAx5j6Bb3XsFLoq,271667,4
Youth,Daughter,0.401,0.535,0,-11.09,1,0.0407,0.889,0.00667,0.116,0.436,146.515,audio_features,6tqzOYuE3lrNVPDgtF3MjM,spotify:track:6tqzOYuE3lrNVPDgtF3MjM,https://api.spotify.com/v1/tracks/6tqzOYuE3lrNVPDgtF3MjM,https://api.spotify.com/v1/audio-analysis/6tqzOYuE3lrNVPDgtF3MjM,253013,4
"Morning Crawls Towards You, And I - Live",Good Luck Finding Iris,0.526,0.225,9,-17.221,1,0.0351,0.928,1.11e-05,0.147,0.293,126.677,audio_features,7tvURb3EutC5eHJQ1QoNTq,spotify:track:7tvURb3EutC5eHJQ1QoNTq,https://api.spotify.com/v1/tracks/7tvURb3EutC5eHJQ1QoNTq,https://api.spotify.com/v1/audio-analysis/7tvURb3EutC5eHJQ1QoNTq,184272,3
Ayahuasca,Vancouver Sleep Clinic,0.463,0.228,4,-15.717,0,0.0338,0.734,0.11,0.0691,0.0528,148.003,audio_features,6oVm5ocTB8B0rjO5dZk8Px,spotify:track:6oVm5ocTB8B0rjO5dZk8Px,https://api.spotify.com/v1/tracks/6oVm5ocTB8B0rjO5dZk8Px,https://api.spotify.com/v1/audio-analysis/6oVm5ocTB8B0rjO5dZk8Px,508602,4
Wait,M83,0.437,0.229,2,-10.514,1,0.0308,0.221,0.0599,0.0935,0.0754,147.911,audio_features,3rTnGUeDrnZV22DvRuUuXr,spotify:track:3rTnGUeDrnZV22DvRuUuXr,https://api.spotify.com/v1/tracks/3rTnGUeDrnZV22DvRuUuXr,https://api.spotify.com/v1/audio-analysis/3rTnGUeDrnZV22DvRuUuXr,343253,4
Bombs,Sami Simon,0.663,0.188,6,-14.433,1,0.0321,0.904,0.0221,0.0888,0.144,122.041,audio_features,085evEw0dS7ODLc3ZCX0vq,spotify:track:085evEw0dS7ODLc3ZCX0vq,https://api.spotify.com/v1/tracks/085evEw0dS7ODLc3ZCX0vq,https://api.spotify.com/v1/audio-analysis/085evEw0dS7ODLc3ZCX0vq,266113,4
Too Much,Tora,0.728,0.48,8,-9.599,1,0.0349,0.589,0.49,0.102,0.0943,127.999,audio_features,2nwxVkDbM9Y7plRSKKfIcT,spotify:track:2nwxVkDbM9Y7plRSKKfIcT,https://api.spotify.com/v1/tracks/2nwxVkDbM9Y7plRSKKfIcT,https://api.spotify.com/v1/audio-analysis/2nwxVkDbM9Y7plRSKKfIcT,154403,4
My Heart Is So Heavy - Album Edit,Cry Boy Cry,0.765,0.488,11,-8.838,0,0.0518,0.434,0.0,0.113,0.457,121.996,audio_features,4aPl9DHXAqiYJUdjmBk4wf,spotify:track:4aPl9DHXAqiYJUdjmBk4wf,https://api.spotify.com/v1/tracks/4aPl9DHXAqiYJUdjmBk4wf,https://api.spotify.com/v1/audio-analysis/4aPl9DHXAqiYJUdjmBk4wf,180566,4
I’ll Still Have Me,Cyn,0.604,0.277,2,-8.249,1,0.0286,0.915,1.82e-05,0.113,0.22,82.922,audio_features,71HEg3bYLyMAxHuJ3a6KIM,spotify:track:71HEg3bYLyMAxHuJ3a6KIM,https://api.spotify.com/v1/tracks/71HEg3bYLyMAxHuJ3a6KIM,https://api.spotify.com/v1/audio-analysis/71HEg3bYLyMAxHuJ3a6KIM,219268,4
Switzerland,Soccer Mommy,0.434,0.125,7,-13.832,1,0.0335,0.926,0.000381,0.112,0.273,75.185,audio_features,2o3jyT6JzyrpRncOVIxLLl,spotify:track:2o3jyT6JzyrpRncOVIxLLl,https://api.spotify.com/v1/tracks/2o3jyT6JzyrpRncOVIxLLl,https://api.spotify.com/v1/audio-analysis/2o3jyT6JzyrpRncOVIxLLl,261920,1
Plants,Elito Can Talk,0.794,0.17,2,-21.454,1,0.0396,0.92,0.00925,0.115,0.644,104.949,audio_features,03ECtgB8cdmgHB3s6aeLGj,spotify:track:03ECtgB8cdmgHB3s6aeLGj,https://api.spotify.com/v1/tracks/03ECtgB8cdmgHB3s6aeLGj,https://api.spotify.com/v1/audio-analysis/03ECtgB8cdmgHB3s6aeLGj,208039,4
Hard Feelings/Loveless,Lorde,0.487,0.445,1,-10.959,0,0.113,0.0328,0.0104,0.0778,0.18,97.031,audio_features,1Dp7JGFNjvg8Nk0CtMCcnr,spotify:track:1Dp7JGFNjvg8Nk0CtMCcnr,https://api.spotify.com/v1/tracks/1Dp7JGFNjvg8Nk0CtMCcnr,https://api.spotify.com/v1/audio-analysis/1Dp7JGFNjvg8Nk0CtMCcnr,367391,4
Falling,Mansionair,0.526,0.579,11,-8.703,1,0.0406,0.614,2.31e-05,0.18,0.133,123.6,audio_features,3dwjSIuxyU6jLbfRRt5fX4,spotify:track:3dwjSIuxyU6jLbfRRt5fX4,https://api.spotify.com/v1/tracks/3dwjSIuxyU6jLbfRRt5fX4,https://api.spotify.com/v1/audio-analysis/3dwjSIuxyU6jLbfRRt5fX4,203312,4
Cocoa Hooves,Glass Animals,0.636,0.22,10,-13.059,1,0.0468,0.884,0.00754,0.0925,0.0401,133.93,audio_features,4tGQUAnrOXuM3epCM8OBYC,spotify:track:4tGQUAnrOXuM3epCM8OBYC,https://api.spotify.com/v1/tracks/4tGQUAnrOXuM3epCM8OBYC,https://api.spotify.com/v1/audio-analysis/4tGQUAnrOXuM3epCM8OBYC,252907,4
Holocene,Bon Iver,0.375,0.322,1,-14.38,1,0.03,0.941,0.537,0.119,0.155,147.961,audio_features,1XQnZTR0ER8y5fGO17uX1R,spotify:track:1XQnZTR0ER8y5fGO17uX1R,https://api.spotify.com/v1/tracks/1XQnZTR0ER8y5fGO17uX1R,https://api.spotify.com/v1/audio-analysis/1XQnZTR0ER8y5fGO17uX1R,336613,4
Tell Her,Michl,0.345,0.244,9,-13.037,1,0.043,0.955,0.00861,0.0846,0.117,125.163,audio_features,0guNjayAfHBgG1BPhkhT3d,spotify:track:0guNjayAfHBgG1BPhkhT3d,https://api.spotify.com/v1/tracks/0guNjayAfHBgG1BPhkhT3d,https://api.spotify.com/v1/audio-analysis/0guNjayAfHBgG1BPhkhT3d,143329,4
Fallen,Gert Taberner,0.622,0.216,3,-10.892,1,0.0285,0.88,0.0048,0.109,0.187,134.191,audio_features,6ZzQ76i9WDdVmwVeDQIcJz,spotify:track:6ZzQ76i9WDdVmwVeDQIcJz,https://api.spotify.com/v1/tracks/6ZzQ76i9WDdVmwVeDQIcJz,https://api.spotify.com/v1/audio-analysis/6ZzQ76i9WDdVmwVeDQIcJz,321493,4
Bloom (Online Bonus Track),The Paper Kites,0.581,0.421,1,-9.792,1,0.0245,0.894,0.000491,0.119,0.433,95.969,audio_features,44alNkXsYnTyPnkMdohBcx,spotify:track:44alNkXsYnTyPnkMdohBcx,https://api.spotify.com/v1/tracks/44alNkXsYnTyPnkMdohBcx,https://api.spotify.com/v1/audio-analysis/44alNkXsYnTyPnkMdohBcx,209817,4
Trem-Bala,Ana Vilela,0.45,0.318,11,-9.474,1,0.0324,0.85,0.0,0.101,0.492,93.344,audio_features,05QeyKGAn4TZrv41tMiD1A,spotify:track:05QeyKGAn4TZrv41tMiD1A,https://api.spotify.com/v1/tracks/05QeyKGAn4TZrv41tMiD1A,https://api.spotify.com/v1/audio-analysis/05QeyKGAn4TZrv41tMiD1A,180319,4
They Stay Down Deep,Giselle,0.395,0.372,3,-9.665,1,0.0385,0.972,0.00109,0.173,0.475,201.996,audio_features,39V80DsHqas6AxqoVCVDIr,spotify:track:39V80DsHqas6AxqoVCVDIr,https://api.spotify.com/v1/tracks/39V80DsHqas6AxqoVCVDIr,https://api.spotify.com/v1/audio-analysis/39V80DsHqas6AxqoVCVDIr,212855,3
Adeline,John-Robert,0.414,0.417,2,-9.01,1,0.0326,0.731,0.00276,0.0818,0.0902,94.999,audio_features,6dDXhN1Gssy8qonfDEa3EI,spotify:track:6dDXhN1Gssy8qonfDEa3EI,https://api.spotify.com/v1/tracks/6dDXhN1Gssy8qonfDEa3EI,https://api.spotify.com/v1/audio-analysis/6dDXhN1Gssy8qonfDEa3EI,228652,3
Featherstone,The Paper Kites,0.804,0.377,8,-13.673,1,0.0366,0.866,0.021,0.104,0.641,124.91,audio_features,7ldIYiFIvxPyTiy0iO9UqV,spotify:track:7ldIYiFIvxPyTiy0iO9UqV,https://api.spotify.com/v1/tracks/7ldIYiFIvxPyTiy0iO9UqV,https://api.spotify.com/v1/audio-analysis/7ldIYiFIvxPyTiy0iO9UqV,229627,4
Pretend,Hovvdy,0.614,0.467,11,-8.169,1,0.0325,0.63,0.914,0.107,0.621,172.056,audio_features,71WzoGZcDWzrKZqSkiY3Tz,spotify:track:71WzoGZcDWzrKZqSkiY3Tz,https://api.spotify.com/v1/tracks/71WzoGZcDWzrKZqSkiY3Tz,https://api.spotify.com/v1/audio-analysis/71WzoGZcDWzrKZqSkiY3Tz,153692,4
Wichita,The Eastern Plain,0.493,0.281,3,-12.521,0,0.0316,0.858,0.000205,0.106,0.31,124.942,audio_features,6b7j9PK107JFAb4OM2loie,spotify:track:6b7j9PK107JFAb4OM2loie,https://api.spotify.com/v1/tracks/6b7j9PK107JFAb4OM2loie,https://api.spotify.com/v1/audio-analysis/6b7j9PK107JFAb4OM2loie,204368,4
The River,Cat Clyde,0.634,0.0991,2,-10.523,1,0.0609,0.931,0.0,0.112,0.409,147.827,audio_features,67R4hNuwDWxDYGEd1lVlru,spotify:track:67R4hNuwDWxDYGEd1lVlru,https://api.spotify.com/v1/tracks/67R4hNuwDWxDYGEd1lVlru,https://api.spotify.com/v1/audio-analysis/67R4hNuwDWxDYGEd1lVlru,192110,4
Thin,Aquilo,0.604,0.406,0,-9.732,1,0.0569,0.511,0.0051,0.121,0.203,97.021,audio_features,7swTZr50nSpeq9469IJ9LI,spotify:track:7swTZr50nSpeq9469IJ9LI,https://api.spotify.com/v1/tracks/7swTZr50nSpeq9469IJ9LI,https://api.spotify.com/v1/audio-analysis/7swTZr50nSpeq9469IJ9LI,178477,4
Ease Me,Pageant Boys,0.605,0.281,5,-10.264,0,0.0379,0.917,0.296,0.114,0.286,131.993,audio_features,2AJkpwkDvAoj9al2tBWfK7,spotify:track:2AJkpwkDvAoj9al2tBWfK7,https://api.spotify.com/v1/tracks/2AJkpwkDvAoj9al2tBWfK7,https://api.spotify.com/v1/audio-analysis/2AJkpwkDvAoj9al2tBWfK7,227273,4
Partilhar,Rubel,0.478,0.279,4,-10.959,1,0.0866,0.826,0.07,0.153,0.336,115.047,audio_features,3WVBQjDRoUUTJnWVaUUEHL,spotify:track:3WVBQjDRoUUTJnWVaUUEHL,https://api.spotify.com/v1/tracks/3WVBQjDRoUUTJnWVaUUEHL,https://api.spotify.com/v1/audio-analysis/3WVBQjDRoUUTJnWVaUUEHL,337308,4
Hwy 18,Mark Diamond,0.485,0.228,9,-11.23,1,0.0292,0.885,3.65e-05,0.112,0.125,135.866,audio_features,5GDJpB4k5yzzjjNbi3MnTz,spotify:track:5GDJpB4k5yzzjjNbi3MnTz,https://api.spotify.com/v1/tracks/5GDJpB4k5yzzjjNbi3MnTz,https://api.spotify.com/v1/audio-analysis/5GDJpB4k5yzzjjNbi3MnTz,232500,4
Downtown,Lilla Vargen,0.431,0.334,1,-9.88,1,0.0319,0.651,0.0184,0.147,0.0449,94.492,audio_features,5OQlzJEpnbSd3f4ZBdh1lI,spotify:track:5OQlzJEpnbSd3f4ZBdh1lI,https://api.spotify.com/v1/tracks/5OQlzJEpnbSd3f4ZBdh1lI,https://api.spotify.com/v1/audio-analysis/5OQlzJEpnbSd3f4ZBdh1lI,249429,4
Heroes - 2017 Remaster,David Bowie,0.489,0.758,7,-6.491,1,0.0297,0.000678,0.49,0.092,0.435,112.113,audio_features,7Jh1bpe76CNTCgdgAdBw4Z,spotify:track:7Jh1bpe76CNTCgdgAdBw4Z,https://api.spotify.com/v1/tracks/7Jh1bpe76CNTCgdgAdBw4Z,https://api.spotify.com/v1/audio-analysis/7Jh1bpe76CNTCgdgAdBw4Z,371413,4
O Céu,Troco em Bala,0.419,0.421,1,-11.588,0,0.0324,0.366,0.835,0.17,0.213,113.305,audio_features,54rZE6vIzFU7cKld28NE7s,spotify:track:54rZE6vIzFU7cKld28NE7s,https://api.spotify.com/v1/tracks/54rZE6vIzFU7cKld28NE7s,https://api.spotify.com/v1/audio-analysis/54rZE6vIzFU7cKld28NE7s,230625,5
Like a Bird in a Mountain,Victor Olivatti,0.579,0.154,7,-17.818,1,0.0585,0.955,0.0488,0.26,0.47,122.568,audio_features,17b8JfOB3C9eSzockIBgvZ,spotify:track:17b8JfOB3C9eSzockIBgvZ,https://api.spotify.com/v1/tracks/17b8JfOB3C9eSzockIBgvZ,https://api.spotify.com/v1/audio-analysis/17b8JfOB3C9eSzockIBgvZ,178375,4
Me Leva,Phill Veras,0.628,0.345,9,-11.813,0,0.0328,0.479,0.052,0.0873,0.294,119.824,audio_features,4Pf4pygB5mb8PtEr1SMK1u,spotify:track:4Pf4pygB5mb8PtEr1SMK1u,https://api.spotify.com/v1/tracks/4Pf4pygB5mb8PtEr1SMK1u,https://api.spotify.com/v1/audio-analysis/4Pf4pygB5mb8PtEr1SMK1u,196787,4
Two Of Us On The Run,Lucius,0.416,0.287,2,-9.09,1,0.0309,0.769,0.0197,0.0769,0.211,79.705,audio_features,6dpPkJIg1nGcvcvFC1aXUR,spotify:track:6dpPkJIg1nGcvcvFC1aXUR,https://api.spotify.com/v1/tracks/6dpPkJIg1nGcvcvFC1aXUR,https://api.spotify.com/v1/audio-analysis/6dpPkJIg1nGcvcvFC1aXUR,275627,4
Lullaby,Atlas Bound,0.727,0.375,8,-9.172,1,0.0786,0.383,6.2e-06,0.1,0.162,73.015,audio_features,0jw2IKm30sbb6kK2WgHvmn,spotify:track:0jw2IKm30sbb6kK2WgHvmn,https://api.spotify.com/v1/tracks/0jw2IKm30sbb6kK2WgHvmn,https://api.spotify.com/v1/audio-analysis/0jw2IKm30sbb6kK2WgHvmn,220485,4
Loose Change for the Boatman,King Charles,0.267,0.672,4,-4.65,1,0.0373,0.0589,0.00026,0.102,0.143,170.152,audio_features,307cqh2ACTzBm3deY5uVzs,spotify:track:307cqh2ACTzBm3deY5uVzs,https://api.spotify.com/v1/tracks/307cqh2ACTzBm3deY5uVzs,https://api.spotify.com/v1/audio-analysis/307cqh2ACTzBm3deY5uVzs,242253,4
The Great Longing,Lost Under Heaven,0.387,0.261,3,-11.903,1,0.0335,0.673,0.000224,0.102,0.0564,123.794,audio_features,3KhDqe6lwslwDsDGFq9cvq,spotify:track:3KhDqe6lwslwDsDGFq9cvq,https://api.spotify.com/v1/tracks/3KhDqe6lwslwDsDGFq9cvq,https://api.spotify.com/v1/audio-analysis/3KhDqe6lwslwDsDGFq9cvq,311877,4
Aneurysm,Chelou,0.726,0.615,7,-11.086,1,0.0343,0.335,0.0497,0.144,0.0647,120.017,audio_features,3vhQHYQ6Lz08VzUuERJ06W,spotify:track:3vhQHYQ6Lz08VzUuERJ06W,https://api.spotify.com/v1/tracks/3vhQHYQ6Lz08VzUuERJ06W,https://api.spotify.com/v1/audio-analysis/3vhQHYQ6Lz08VzUuERJ06W,196000,4
Stolen,Dashboard Confessional,0.444,0.621,8,-5.057,1,0.0263,0.00102,0.058,0.0995,0.16,174.029,audio_features,2jpuRZSbcBgm7jgJy3ys3r,spotify:track:2jpuRZSbcBgm7jgJy3ys3r,https://api.spotify.com/v1/tracks/2jpuRZSbcBgm7jgJy3ys3r,https://api.spotify.com/v1/audio-analysis/2jpuRZSbcBgm7jgJy3ys3r,233333,4
Sense of Home,Harrison Storm,0.564,0.207,3,-10.926,1,0.032,0.892,1.8e-06,0.102,0.0898,139.933,audio_features,68wibJU4yMiqNX79IaLAsN,spotify:track:68wibJU4yMiqNX79IaLAsN,https://api.spotify.com/v1/tracks/68wibJU4yMiqNX79IaLAsN,https://api.spotify.com/v1/audio-analysis/68wibJU4yMiqNX79IaLAsN,265840,4
Einstein's Idea,Johnny Flynn,0.473,0.221,4,-10.84,1,0.0325,0.804,0.000217,0.096,0.133,107.977,audio_features,0muYLof9H50ElzamEgi6nt,spotify:track:0muYLof9H50ElzamEgi6nt,https://api.spotify.com/v1/tracks/0muYLof9H50ElzamEgi6nt,https://api.spotify.com/v1/audio-analysis/0muYLof9H50ElzamEgi6nt,349400,3
Heavy,Birdtalker,0.544,0.551,5,-7.112,1,0.0574,0.363,2.14e-05,0.157,0.289,77.654,audio_features,7DqOEFNBLOfF2X24eXbG2z,spotify:track:7DqOEFNBLOfF2X24eXbG2z,https://api.spotify.com/v1/tracks/7DqOEFNBLOfF2X24eXbG2z,https://api.spotify.com/v1/audio-analysis/7DqOEFNBLOfF2X24eXbG2z,264320,4
"I Hear Your Song, Sweetness",George Taylor,0.547,0.459,0,-10.5,0,0.0287,0.124,3.47e-06,0.104,0.375,135.968,audio_features,1NawD4ezwYuCtues1xG2Xj,spotify:track:1NawD4ezwYuCtues1xG2Xj,https://api.spotify.com/v1/tracks/1NawD4ezwYuCtues1xG2Xj,https://api.spotify.com/v1/audio-analysis/1NawD4ezwYuCtues1xG2Xj,233878,4
Songbird,The Technicolors,0.487,0.425,3,-10.983,0,0.0304,0.926,0.0997,0.371,0.209,142.885,audio_features,3GhY9OW479kbAQvnlR0uAt,spotify:track:3GhY9OW479kbAQvnlR0uAt,https://api.spotify.com/v1/tracks/3GhY9OW479kbAQvnlR0uAt,https://api.spotify.com/v1/audio-analysis/3GhY9OW479kbAQvnlR0uAt,159231,4
Same Dark Places - Acoustic Version,JR JR,0.469,0.316,0,-11.376,1,0.0347,0.903,0.00548,0.135,0.572,167.799,audio_features,0chBzUSAfMg133RaYd6b7X,spotify:track:0chBzUSAfMg133RaYd6b7X,https://api.spotify.com/v1/tracks/0chBzUSAfMg133RaYd6b7X,https://api.spotify.com/v1/audio-analysis/0chBzUSAfMg133RaYd6b7X,206007,4
As U Wave,halfnoise,0.452,0.763,9,-5.769,1,0.0305,0.669,0.678,0.192,0.451,150.017,audio_features,2qeGrFbgL4St7P4ArgXCS9,spotify:track:2qeGrFbgL4St7P4ArgXCS9,https://api.spotify.com/v1/tracks/2qeGrFbgL4St7P4ArgXCS9,https://api.spotify.com/v1/audio-analysis/2qeGrFbgL4St7P4ArgXCS9,219707,3
For You,Benji Lewis,0.646,0.357,0,-11.537,1,0.0402,0.82,0.0464,0.122,0.0932,120.099,audio_features,34fW9WmeI49SUTOTwW91kP,spotify:track:34fW9WmeI49SUTOTwW91kP,https://api.spotify.com/v1/tracks/34fW9WmeI49SUTOTwW91kP,https://api.spotify.com/v1/audio-analysis/34fW9WmeI49SUTOTwW91kP,232000,4
Warm Foothills,alt-J,0.272,0.21,2,-16.172,1,0.0407,0.92,0.167,0.0977,0.0678,92.679,audio_features,3gd9jFyf2AhJPi1HqHUVFP,spotify:track:3gd9jFyf2AhJPi1HqHUVFP,https://api.spotify.com/v1/tracks/3gd9jFyf2AhJPi1HqHUVFP,https://api.spotify.com/v1/audio-analysis/3gd9jFyf2AhJPi1HqHUVFP,225018,4
Youth,"Parks, Squares and Alleys",0.614,0.645,2,-10.526,1,0.0252,0.818,0.91,0.135,0.289,134.976,audio_features,0RMrqldYnjyoZziGlIvton,spotify:track:0RMrqldYnjyoZziGlIvton,https://api.spotify.com/v1/tracks/0RMrqldYnjyoZziGlIvton,https://api.spotify.com/v1/audio-analysis/0RMrqldYnjyoZziGlIvton,176060,4
Careless Man,"Matthew Perryman Jones, Young Summer",0.773,0.642,9,-8.911,1,0.0418,0.0333,0.401,0.106,0.484,97.017,audio_features,3biMJs3xhRTg13aZEWukty,spotify:track:3biMJs3xhRTg13aZEWukty,https://api.spotify.com/v1/tracks/3biMJs3xhRTg13aZEWukty,https://api.spotify.com/v1/audio-analysis/3biMJs3xhRTg13aZEWukty,227627,4
Wide-Eyed,Cold Weather Company,0.292,0.404,1,-7.492,1,0.0288,0.738,0.302,0.105,0.134,93.058,audio_features,67AmB2gk9L41eVSy590o1v,spotify:track:67AmB2gk9L41eVSy590o1v,https://api.spotify.com/v1/tracks/67AmB2gk9L41eVSy590o1v,https://api.spotify.com/v1/audio-analysis/67AmB2gk9L41eVSy590o1v,249804,3
Slacks,Valley,0.573,0.472,11,-12.427,1,0.0289,0.83,0.135,0.0937,0.0741,104.001,audio_features,2SYWArhFYrwDYm0gM1aonU,spotify:track:2SYWArhFYrwDYm0gM1aonU,https://api.spotify.com/v1/tracks/2SYWArhFYrwDYm0gM1aonU,https://api.spotify.com/v1/audio-analysis/2SYWArhFYrwDYm0gM1aonU,318960,4
Fancy Shoes,The Walters,0.689,0.368,0,-7.34,1,0.0263,0.588,0.0,0.101,0.738,104.057,audio_features,1YVVAiBD5WhX2ZdHtlSOhz,spotify:track:1YVVAiBD5WhX2ZdHtlSOhz,https://api.spotify.com/v1/tracks/1YVVAiBD5WhX2ZdHtlSOhz,https://api.spotify.com/v1/audio-analysis/1YVVAiBD5WhX2ZdHtlSOhz,134427,4
Going Thru,Christian Alexander,0.381,0.239,3,-9.37,1,0.0331,0.886,0.0147,0.117,0.143,103.266,audio_features,1G1zhTPT7ZlgZHsyjelcQg,spotify:track:1G1zhTPT7ZlgZHsyjelcQg,https://api.spotify.com/v1/tracks/1G1zhTPT7ZlgZHsyjelcQg,https://api.spotify.com/v1/audio-analysis/1G1zhTPT7ZlgZHsyjelcQg,313935,4
death bed (coffee for your head),"Powfu, beabadoobee",0.726,0.431,8,-8.765,0,0.135,0.731,0.0,0.696,0.348,144.026,audio_features,7eJMfftS33KTjuF7lTsMCx,spotify:track:7eJMfftS33KTjuF7lTsMCx,https://api.spotify.com/v1/tracks/7eJMfftS33KTjuF7lTsMCx,https://api.spotify.com/v1/audio-analysis/7eJMfftS33KTjuF7lTsMCx,173333,4
Brazilian Soul (feat. Sofi Tukker) - Acoustic Bossa Version,"The Knocks, Sofi Tukker",0.692,0.533,1,-9.473,1,0.0587,0.808,1.64e-05,0.11,0.631,83.529,audio_features,3xxz277NbYSFLbj1DRYtsf,spotify:track:3xxz277NbYSFLbj1DRYtsf,https://api.spotify.com/v1/tracks/3xxz277NbYSFLbj1DRYtsf,https://api.spotify.com/v1/audio-analysis/3xxz277NbYSFLbj1DRYtsf,250934,4
80's Comedown Machine,The Strokes,0.488,0.503,0,-8.89,1,0.0326,0.00583,0.809,0.101,0.38,144.035,audio_features,2lffRiAET2Xt6BNb4EmkS2,spotify:track:2lffRiAET2Xt6BNb4EmkS2,https://api.spotify.com/v1/tracks/2lffRiAET2Xt6BNb4EmkS2,https://api.spotify.com/v1/audio-analysis/2lffRiAET2Xt6BNb4EmkS2,298613,4
A letter to my younger self,Ambar Lucid,0.642,0.455,1,-7.558,0,0.0333,0.983,0.00561,0.105,0.725,91.718,audio_features,2m1W73aJNII9wafWkDn8S0,spotify:track:2m1W73aJNII9wafWkDn8S0,https://api.spotify.com/v1/tracks/2m1W73aJNII9wafWkDn8S0,https://api.spotify.com/v1/audio-analysis/2m1W73aJNII9wafWkDn8S0,138223,4
Dylan Thomas,"Better Oblivion Community Center, Phoebe Bridgers, Conor Oberst",0.592,0.805,2,-7.995,1,0.0371,0.000128,0.000211,0.0916,0.505,116.072,audio_features,6x14wL9HvABR2Rix8N88EH,spotify:track:6x14wL9HvABR2Rix8N88EH,https://api.spotify.com/v1/tracks/6x14wL9HvABR2Rix8N88EH,https://api.spotify.com/v1/audio-analysis/6x14wL9HvABR2Rix8N88EH,216787,4
Hidden Edelweiss,Spark Alaska,0.758,0.347,9,-13.068,1,0.0875,0.859,0.00597,0.302,0.273,143.443,audio_features,6xMFDLtFIiObaAuB42qHGW,spotify:track:6xMFDLtFIiObaAuB42qHGW,https://api.spotify.com/v1/tracks/6xMFDLtFIiObaAuB42qHGW,https://api.spotify.com/v1/audio-analysis/6xMFDLtFIiObaAuB42qHGW,220943,4
Shaayad,Taba Chake,0.606,0.472,8,-8.525,1,0.0307,0.685,1.11e-05,0.114,0.439,94.972,audio_features,669PEr8I3wOswY8BANBpdh,spotify:track:669PEr8I3wOswY8BANBpdh,https://api.spotify.com/v1/tracks/669PEr8I3wOswY8BANBpdh,https://api.spotify.com/v1/audio-analysis/669PEr8I3wOswY8BANBpdh,208000,4
Kill All Your Friends,My Chemical Romance,0.472,0.902,7,-3.66,1,0.0441,0.000825,3.27e-05,0.121,0.493,102.564,audio_features,65wICNTM2s1PwXSgKt8f0a,spotify:track:65wICNTM2s1PwXSgKt8f0a,https://api.spotify.com/v1/tracks/65wICNTM2s1PwXSgKt8f0a,https://api.spotify.com/v1/audio-analysis/65wICNTM2s1PwXSgKt8f0a,268883,4
Northern Downpour,Panic! At The Disco,0.47,0.474,5,-9.406,1,0.0262,0.0643,0.0,0.0645,0.241,170.173,audio_features,0tutU5E5kMR3bY8sZllpoJ,spotify:track:0tutU5E5kMR3bY8sZllpoJ,https://api.spotify.com/v1/tracks/0tutU5E5kMR3bY8sZllpoJ,https://api.spotify.com/v1/audio-analysis/0tutU5E5kMR3bY8sZllpoJ,247773,4
Ocean,dontask,0.647,0.29,4,-16.196,1,0.0811,0.682,0.0,0.0965,0.271,74.987,audio_features,1mGppNewxmuC9tpXhgZ2kO,spotify:track:1mGppNewxmuC9tpXhgZ2kO,https://api.spotify.com/v1/tracks/1mGppNewxmuC9tpXhgZ2kO,https://api.spotify.com/v1/audio-analysis/1mGppNewxmuC9tpXhgZ2kO,249661,4
I Spend Too Much Time in My Room,The Band CAMINO,0.467,0.439,9,-7.221,1,0.0251,0.39,0.00385,0.514,0.151,97.068,audio_features,5yGZ0DhhktOyE2sPPSX2Q8,spotify:track:5yGZ0DhhktOyE2sPPSX2Q8,https://api.spotify.com/v1/tracks/5yGZ0DhhktOyE2sPPSX2Q8,https://api.spotify.com/v1/audio-analysis/5yGZ0DhhktOyE2sPPSX2Q8,272378,4
Suit And Jacket,Judah & the Lion,0.452,0.58,10,-8.613,1,0.0462,0.222,3.23e-05,0.101,0.111,164.162,audio_features,2ZYBwkmtYhgUj1A7teYAZ7,spotify:track:2ZYBwkmtYhgUj1A7teYAZ7,https://api.spotify.com/v1/tracks/2ZYBwkmtYhgUj1A7teYAZ7,https://api.spotify.com/v1/audio-analysis/2ZYBwkmtYhgUj1A7teYAZ7,222256,4
I Miss You,blink-182,0.423,0.714,11,-8.295,1,0.045,0.00113,6.28e-06,0.0855,0.593,110.017,audio_features,1AdYZ6X00nXmO613Y7GJOl,spotify:track:1AdYZ6X00nXmO613Y7GJOl,https://api.spotify.com/v1/tracks/1AdYZ6X00nXmO613Y7GJOl,https://api.spotify.com/v1/audio-analysis/1AdYZ6X00nXmO613Y7GJOl,227250,4
All I Know,Noah Kittinger,0.776,0.432,8,-10.844,1,0.0389,0.798,0.77,0.0989,0.748,125.291,audio_features,0GevyB8xMZvEMNtyVCOxLf,spotify:track:0GevyB8xMZvEMNtyVCOxLf,https://api.spotify.com/v1/tracks/0GevyB8xMZvEMNtyVCOxLf,https://api.spotify.com/v1/audio-analysis/0GevyB8xMZvEMNtyVCOxLf,265953,4
Unrequited Love (& other clichés),Breakup Shoes,0.385,0.468,4,-9.588,1,0.0251,0.291,0.0293,0.0892,0.248,81.331,audio_features,1K0AENxzuLi4M420wUlvPT,spotify:track:1K0AENxzuLi4M420wUlvPT,https://api.spotify.com/v1/tracks/1K0AENxzuLi4M420wUlvPT,https://api.spotify.com/v1/audio-analysis/1K0AENxzuLi4M420wUlvPT,286012,3
Apocalypse,Cigarettes After Sex,0.37,0.467,5,-9.013,1,0.0273,0.0205,0.572,0.109,0.182,94.485,audio_features,0yc6Gst2xkRu0eMLeRMGCX,spotify:track:0yc6Gst2xkRu0eMLeRMGCX,https://api.spotify.com/v1/tracks/0yc6Gst2xkRu0eMLeRMGCX,https://api.spotify.com/v1/audio-analysis/0yc6Gst2xkRu0eMLeRMGCX,290617,4
Hallucinate,Oliver Riot,0.529,0.298,7,-13.896,1,0.0397,0.683,0.503,0.0804,0.0966,82.041,audio_features,0qnSjipvB268SHMbNSxZ7y,spotify:track:0qnSjipvB268SHMbNSxZ7y,https://api.spotify.com/v1/tracks/0qnSjipvB268SHMbNSxZ7y,https://api.spotify.com/v1/audio-analysis/0qnSjipvB268SHMbNSxZ7y,206711,4
Somewhere Only We Know,Keane,0.448,0.665,9,-4.203,1,0.026,0.06,2.55e-05,0.0828,0.304,172.004,audio_features,1SKPmfSYaPsETbRHaiA18G,spotify:track:1SKPmfSYaPsETbRHaiA18G,https://api.spotify.com/v1/tracks/1SKPmfSYaPsETbRHaiA18G,https://api.spotify.com/v1/audio-analysis/1SKPmfSYaPsETbRHaiA18G,237147,4
Anchor,Novo Amor,0.457,0.407,9,-11.475,1,0.0308,0.805,0.884,0.126,0.126,117.053,audio_features,7qH9Z4dJEN0l9bidizW7fq,spotify:track:7qH9Z4dJEN0l9bidizW7fq,https://api.spotify.com/v1/tracks/7qH9Z4dJEN0l9bidizW7fq,https://api.spotify.com/v1/audio-analysis/7qH9Z4dJEN0l9bidizW7fq,257533,4
Coastline,Hollow Coves,0.67,0.496,2,-11.23,1,0.0277,0.627,0.00325,0.0584,0.427,100.17,audio_features,2KCqAdd2ad0hpJc5ySoTE8,spotify:track:2KCqAdd2ad0hpJc5ySoTE8,https://api.spotify.com/v1/tracks/2KCqAdd2ad0hpJc5ySoTE8,https://api.spotify.com/v1/audio-analysis/2KCqAdd2ad0hpJc5ySoTE8,233973,4
Quando Bate Aquela Saudade,Rubel,0.55,0.314,7,-14.133,1,0.0326,0.895,0.0107,0.188,0.595,90.088,audio_features,76bcaYeKOKTrj9lEc9BZFU,spotify:track:76bcaYeKOKTrj9lEc9BZFU,https://api.spotify.com/v1/tracks/76bcaYeKOKTrj9lEc9BZFU,https://api.spotify.com/v1/audio-analysis/76bcaYeKOKTrj9lEc9BZFU,394707,4
Nostalgique,The Eastern Plain,0.642,0.468,9,-11.317,1,0.0287,0.732,0.805,0.101,0.496,124.974,audio_features,2IhUmUhs9gCN2mCCuQHIPJ,spotify:track:2IhUmUhs9gCN2mCCuQHIPJ,https://api.spotify.com/v1/tracks/2IhUmUhs9gCN2mCCuQHIPJ,https://api.spotify.com/v1/audio-analysis/2IhUmUhs9gCN2mCCuQHIPJ,220630,4
Stringsnoise,"Samuel Proffitt, Yoke Lore",0.143,0.374,7,-10.446,0,0.032,0.0211,4.84e-05,0.116,0.0757,79.995,audio_features,78phUJYhGDpYur3XNICQQY,spotify:track:78phUJYhGDpYur3XNICQQY,https://api.spotify.com/v1/tracks/78phUJYhGDpYur3XNICQQY,https://api.spotify.com/v1/audio-analysis/78phUJYhGDpYur3XNICQQY,205280,4
Paul,Big Thief,0.483,0.263,11,-11.541,1,0.0401,0.199,0.000306,0.109,0.166,123.453,audio_features,1uP8UVMXcTJn28TbhfR2Wo,spotify:track:1uP8UVMXcTJn28TbhfR2Wo,https://api.spotify.com/v1/tracks/1uP8UVMXcTJn28TbhfR2Wo,https://api.spotify.com/v1/audio-analysis/1uP8UVMXcTJn28TbhfR2Wo,183895,4
Vermelho,Marcelo Camelo,0.589,0.435,2,-8.332,1,0.0278,0.718,0.0166,0.109,0.456,95.049,audio_features,36xZeDLfY3pSGZdQadvEvd,spotify:track:36xZeDLfY3pSGZdQadvEvd,https://api.spotify.com/v1/tracks/36xZeDLfY3pSGZdQadvEvd,https://api.spotify.com/v1/audio-analysis/36xZeDLfY3pSGZdQadvEvd,302280,4
Crystalline,Jome,0.614,0.502,2,-8.594,1,0.0305,0.526,0.00346,0.415,0.281,94.961,audio_features,6DvMHPpNxxozZYyL9WjK2O,spotify:track:6DvMHPpNxxozZYyL9WjK2O,https://api.spotify.com/v1/tracks/6DvMHPpNxxozZYyL9WjK2O,https://api.spotify.com/v1/audio-analysis/6DvMHPpNxxozZYyL9WjK2O,176704,4
Berlin,Bear's Den,0.499,0.406,1,-13.85,1,0.0336,0.876,0.00767,0.0994,0.334,90.91,audio_features,7i3MO9TWVzZyfLghMs6qH5,spotify:track:7i3MO9TWVzZyfLghMs6qH5,https://api.spotify.com/v1/tracks/7i3MO9TWVzZyfLghMs6qH5,https://api.spotify.com/v1/audio-analysis/7i3MO9TWVzZyfLghMs6qH5,269233,4
Green Buttons,Tiago Saga,0.583,0.263,9,-8.005,1,0.0431,0.771,0.0,0.0871,0.148,126.433,audio_features,5q2xlArAzx7UHtbDSwIYPJ,spotify:track:5q2xlArAzx7UHtbDSwIYPJ,https://api.spotify.com/v1/tracks/5q2xlArAzx7UHtbDSwIYPJ,https://api.spotify.com/v1/audio-analysis/5q2xlArAzx7UHtbDSwIYPJ,270107,4
Why Do I Wait (When I Know You've Got a Lover),The Zolas,0.561,0.411,2,-9.386,1,0.0242,0.213,0.0174,0.0714,0.119,90.985,audio_features,2Wl4MbBRtan8gr0C8qUSGT,spotify:track:2Wl4MbBRtan8gr0C8qUSGT,https://api.spotify.com/v1/tracks/2Wl4MbBRtan8gr0C8qUSGT,https://api.spotify.com/v1/audio-analysis/2Wl4MbBRtan8gr0C8qUSGT,279907,4
Nave Espacial,Samantha Machado,0.682,0.546,11,-9.207,0,0.0425,0.384,1.91e-05,0.145,0.0766,120.068,audio_features,57MkRx712OdCQFCD2F4Yzc,spotify:track:57MkRx712OdCQFCD2F4Yzc,https://api.spotify.com/v1/tracks/57MkRx712OdCQFCD2F4Yzc,https://api.spotify.com/v1/audio-analysis/57MkRx712OdCQFCD2F4Yzc,142000,4
I Meant To Hurt You,D.I.D,0.5,0.482,6,-7.717,1,0.0332,0.00945,0.0,0.0815,0.225,137.922,audio_features,58UM4xyufOAwhpvmfCBPyD,spotify:track:58UM4xyufOAwhpvmfCBPyD,https://api.spotify.com/v1/tracks/58UM4xyufOAwhpvmfCBPyD,https://api.spotify.com/v1/audio-analysis/58UM4xyufOAwhpvmfCBPyD,288093,4
Choke,I DONT KNOW HOW BUT THEY FOUND ME,0.516,0.85,4,-3.909,0,0.0706,0.00139,0.0,0.296,0.583,120.324,audio_features,37mfTcSlX60JtAvAETytGs,spotify:track:37mfTcSlX60JtAvAETytGs,https://api.spotify.com/v1/tracks/37mfTcSlX60JtAvAETytGs,https://api.spotify.com/v1/audio-analysis/37mfTcSlX60JtAvAETytGs,195717,4
Matilda,alt-J,0.581,0.675,2,-9.208,1,0.0299,0.787,0.4,0.116,0.276,147.982,audio_features,4qx6KUiBAsuZB9ubcreapu,spotify:track:4qx6KUiBAsuZB9ubcreapu,https://api.spotify.com/v1/tracks/4qx6KUiBAsuZB9ubcreapu,https://api.spotify.com/v1/audio-analysis/4qx6KUiBAsuZB9ubcreapu,228707,4
Try To Be,Blue Hawaii,0.717,0.213,4,-15.064,0,0.0529,0.942,0.00158,0.112,0.109,110.034,audio_features,7biIPXNwf5SgDSlLChMvC6,spotify:track:7biIPXNwf5SgDSlLChMvC6,https://api.spotify.com/v1/tracks/7biIPXNwf5SgDSlLChMvC6,https://api.spotify.com/v1/audio-analysis/7biIPXNwf5SgDSlLChMvC6,232187,4
Generator (Second Floor),Freelance Whales,0.61,0.684,11,-6.381,0,0.027,0.019,0.0742,0.261,0.43,139.038,audio_features,2xIed9JHx5IuZ8T16JGOOM,spotify:track:2xIed9JHx5IuZ8T16JGOOM,https://api.spotify.com/v1/tracks/2xIed9JHx5IuZ8T16JGOOM,https://api.spotify.com/v1/audio-analysis/2xIed9JHx5IuZ8T16JGOOM,271307,4
A Silent Cause,The Paper Kites,0.459,0.213,11,-15.839,1,0.0374,0.934,0.0242,0.112,0.383,88.897,audio_features,4LDOieBPdFL4E8Z5raYuoq,spotify:track:4LDOieBPdFL4E8Z5raYuoq,https://api.spotify.com/v1/tracks/4LDOieBPdFL4E8Z5raYuoq,https://api.spotify.com/v1/audio-analysis/4LDOieBPdFL4E8Z5raYuoq,263827,4
Alive,Graeme James,0.716,0.887,5,-7.738,1,0.0331,0.149,0.332,0.111,0.78,117.021,audio_features,0P3IyyiJecMoAX9Q4cbwHX,spotify:track:0P3IyyiJecMoAX9Q4cbwHX,https://api.spotify.com/v1/tracks/0P3IyyiJecMoAX9Q4cbwHX,https://api.spotify.com/v1/audio-analysis/0P3IyyiJecMoAX9Q4cbwHX,242000,4
Punk Drunk & Trembling,Wild Beasts,0.67,0.674,6,-9.604,1,0.0617,0.47,0.222,0.133,0.351,122.97,audio_features,3UKvS7mLIsv7HvFQHQNRP8,spotify:track:3UKvS7mLIsv7HvFQHQNRP8,https://api.spotify.com/v1/tracks/3UKvS7mLIsv7HvFQHQNRP8,https://api.spotify.com/v1/audio-analysis/3UKvS7mLIsv7HvFQHQNRP8,228413,4
Broadripple Is Burning,Margot & The Nuclear So And So's,0.607,0.43,9,-6.778,1,0.0251,0.105,0.0,0.106,0.289,128.398,audio_features,3EIQofQf9NloNNmvg45MFE,spotify:track:3EIQofQf9NloNNmvg45MFE,https://api.spotify.com/v1/tracks/3EIQofQf9NloNNmvg45MFE,https://api.spotify.com/v1/audio-analysis/3EIQofQf9NloNNmvg45MFE,273173,4
Radar Detector,Darwin Deez,0.752,0.722,4,-5.03,1,0.205,0.107,0.00586,0.193,0.769,96.523,audio_features,2eDRSAU65nsBDlCzde45Vd,spotify:track:2eDRSAU65nsBDlCzde45Vd,https://api.spotify.com/v1/tracks/2eDRSAU65nsBDlCzde45Vd,https://api.spotify.com/v1/audio-analysis/2eDRSAU65nsBDlCzde45Vd,189827,4
Feel Like Makin' Love,D'Angelo,0.913,0.201,0,-9.511,1,0.147,0.0979,0.486,0.0867,0.52,87.373,audio_features,7hzgk557YLr0722EFkmp9Z,spotify:track:7hzgk557YLr0722EFkmp9Z,https://api.spotify.com/v1/tracks/7hzgk557YLr0722EFkmp9Z,https://api.spotify.com/v1/audio-analysis/7hzgk557YLr0722EFkmp9Z,382333,4
Last Words,The Real Tuesday Weld,0.63,0.491,2,-12.095,1,0.0288,0.111,0.185,0.108,0.108,98.048,audio_features,32XCjURMIi6zTRriXP8RF2,spotify:track:32XCjURMIi6zTRriXP8RF2,https://api.spotify.com/v1/tracks/32XCjURMIi6zTRriXP8RF2,https://api.spotify.com/v1/audio-analysis/32XCjURMIi6zTRriXP8RF2,294333,4
Champagne People,Benny Sings,0.673,0.315,0,-8.392,1,0.0335,0.75,0.00183,0.239,0.272,117.464,audio_features,0zRCHQtrCsAaCSvxtexSf0,spotify:track:0zRCHQtrCsAaCSvxtexSf0,https://api.spotify.com/v1/tracks/0zRCHQtrCsAaCSvxtexSf0,https://api.spotify.com/v1/audio-analysis/0zRCHQtrCsAaCSvxtexSf0,235947,3
Spanish Sahara,Foals,0.364,0.565,9,-10.085,0,0.0705,0.0306,0.0371,0.108,0.346,128.219,audio_features,4i3txPQIUV4eC9g9FBpi9I,spotify:track:4i3txPQIUV4eC9g9FBpi9I,https://api.spotify.com/v1/tracks/4i3txPQIUV4eC9g9FBpi9I,https://api.spotify.com/v1/audio-analysis/4i3txPQIUV4eC9g9FBpi9I,409560,4
Worker Bee,Motion City Soundtrack,0.386,0.933,6,-3.455,1,0.176,0.00769,0.0,0.133,0.402,164.418,audio_features,5BeYGBDPpCICt6WwrCaCHL,spotify:track:5BeYGBDPpCICt6WwrCaCHL,https://api.spotify.com/v1/tracks/5BeYGBDPpCICt6WwrCaCHL,https://api.spotify.com/v1/audio-analysis/5BeYGBDPpCICt6WwrCaCHL,145053,4
Manhorse,Husbands,0.514,0.903,6,-4.991,1,0.073,0.00362,0.317,0.337,0.408,175.039,audio_features,31Xlp8YDrHFNN54Y2F8fB8,spotify:track:31Xlp8YDrHFNN54Y2F8fB8,https://api.spotify.com/v1/tracks/31Xlp8YDrHFNN54Y2F8fB8,https://api.spotify.com/v1/audio-analysis/31Xlp8YDrHFNN54Y2F8fB8,184400,4
Not In Love - Radio Version,"Crystal Castles, Robert Smith",0.477,0.98,7,-4.204,0,0.0887,0.000834,0.00963,0.357,0.199,135.902,audio_features,46Xnj8vZFwOZCE4aZNXlTf,spotify:track:46Xnj8vZFwOZCE4aZNXlTf,https://api.spotify.com/v1/tracks/46Xnj8vZFwOZCE4aZNXlTf,https://api.spotify.com/v1/audio-analysis/46Xnj8vZFwOZCE4aZNXlTf,226987,4
Lovers Who Uncover - Crystal Castles Vs. The Little Ones,"The Little Ones, Crystal Castles, Lazar",0.455,0.883,5,-4.98,0,0.0368,0.165,0.00351,0.139,0.323,127.931,audio_features,3YDbCeUmo9V4ZM3c8b8KF0,spotify:track:3YDbCeUmo9V4ZM3c8b8KF0,https://api.spotify.com/v1/tracks/3YDbCeUmo9V4ZM3c8b8KF0,https://api.spotify.com/v1/audio-analysis/3YDbCeUmo9V4ZM3c8b8KF0,311226,4
Your Ex-Lover Is Dead,Stars,0.395,0.5,0,-6.794,1,0.031,0.00268,0.0284,0.207,0.333,153.306,audio_features,5oSSFX46m6u3UFLoouLlTw,spotify:track:5oSSFX46m6u3UFLoouLlTw,https://api.spotify.com/v1/tracks/5oSSFX46m6u3UFLoouLlTw,https://api.spotify.com/v1/audio-analysis/5oSSFX46m6u3UFLoouLlTw,256053,3
Drink Deep,Laura Veirs,0.443,0.554,8,-8.565,1,0.0315,0.869,0.00283,0.171,0.444,124.247,audio_features,0HSSgiQmmv0mQg4LiQhTbj,spotify:track:0HSSgiQmmv0mQg4LiQhTbj,https://api.spotify.com/v1/tracks/0HSSgiQmmv0mQg4LiQhTbj,https://api.spotify.com/v1/audio-analysis/0HSSgiQmmv0mQg4LiQhTbj,276200,3
Time Trades,Jeffrey Lewis,0.683,0.416,9,-12.934,1,0.0545,0.708,1.12e-06,0.165,0.701,144.364,audio_features,21KBEtrQybdzCY2acS1PAu,spotify:track:21KBEtrQybdzCY2acS1PAu,https://api.spotify.com/v1/tracks/21KBEtrQybdzCY2acS1PAu,https://api.spotify.com/v1/audio-analysis/21KBEtrQybdzCY2acS1PAu,206253,4
Little Motel,Modest Mouse,0.616,0.462,0,-9.135,1,0.0271,0.279,0.00473,0.153,0.23,101.983,audio_features,1UR0lWHLSCx2naiD7bq9FW,spotify:track:1UR0lWHLSCx2naiD7bq9FW,https://api.spotify.com/v1/tracks/1UR0lWHLSCx2naiD7bq9FW,https://api.spotify.com/v1/audio-analysis/1UR0lWHLSCx2naiD7bq9FW,284187,4
Lying to You,Keaton Henson,0.392,0.183,5,-14.37,1,0.0602,0.929,0.00033,0.0898,0.0578,104.128,audio_features,2cLG5TbzZoHiKbHETnvIGv,spotify:track:2cLG5TbzZoHiKbHETnvIGv,https://api.spotify.com/v1/tracks/2cLG5TbzZoHiKbHETnvIGv,https://api.spotify.com/v1/audio-analysis/2cLG5TbzZoHiKbHETnvIGv,318960,4
Hall,Baths,0.261,0.764,8,-6.621,1,0.224,0.0217,0.301,0.45,0.538,134.859,audio_features,3ZRbP0biQ1e6cjokeR1eSI,spotify:track:3ZRbP0biQ1e6cjokeR1eSI,https://api.spotify.com/v1/tracks/3ZRbP0biQ1e6cjokeR1eSI,https://api.spotify.com/v1/audio-analysis/3ZRbP0biQ1e6cjokeR1eSI,211600,3
Roll Bus Roll,Jeffrey Lewis,0.516,0.548,9,-10.317,1,0.06,0.731,3.6e-05,0.111,0.381,134.729,audio_features,2I3GqzeBrDexksDBR6v9CQ,spotify:track:2I3GqzeBrDexksDBR6v9CQ,https://api.spotify.com/v1/tracks/2I3GqzeBrDexksDBR6v9CQ,https://api.spotify.com/v1/audio-analysis/2I3GqzeBrDexksDBR6v9CQ,292333,4
21st Century Pop Song,Hymie's Basement,0.538,0.788,7,-8.664,1,0.0414,0.000705,6.64e-06,0.207,0.44,159.976,audio_features,32m6vHuvxQPGUH4HGnxuym,spotify:track:32m6vHuvxQPGUH4HGnxuym,https://api.spotify.com/v1/tracks/32m6vHuvxQPGUH4HGnxuym,https://api.spotify.com/v1/audio-analysis/32m6vHuvxQPGUH4HGnxuym,269760,4
Don't Haunt This Place,The Rural Alberta Advantage,0.637,0.838,8,-8.985,1,0.205,0.0375,0.0,0.0704,0.747,168.067,audio_features,4nVfmii8T3OKMm8zRBPCiO,spotify:track:4nVfmii8T3OKMm8zRBPCiO,https://api.spotify.com/v1/tracks/4nVfmii8T3OKMm8zRBPCiO,https://api.spotify.com/v1/audio-analysis/4nVfmii8T3OKMm8zRBPCiO,155373,4
Folk-Metaphysics,Milo,0.606,0.53,9,-11.066,0,0.36,0.331,0.0,0.0857,0.166,109.236,audio_features,7kj65lgrESm8DDmuRRII1V,spotify:track:7kj65lgrESm8DDmuRRII1V,https://api.spotify.com/v1/tracks/7kj65lgrESm8DDmuRRII1V,https://api.spotify.com/v1/audio-analysis/7kj65lgrESm8DDmuRRII1V,281854,4
When I'm Small,Phantogram,0.646,0.758,10,-4.34,1,0.0314,0.191,0.097,0.103,0.424,91.998,audio_features,0PERS23jNsjcjBywXLvpyc,spotify:track:0PERS23jNsjcjBywXLvpyc,https://api.spotify.com/v1/tracks/0PERS23jNsjcjBywXLvpyc,https://api.spotify.com/v1/audio-analysis/0PERS23jNsjcjBywXLvpyc,249067,4
Daft Punk,Pentatonix,0.717,0.621,11,-7.588,0,0.0605,0.00403,0.0,0.144,0.72,133.014,audio_features,6ukvsBzq4d1vBsAUmz7ZVt,spotify:track:6ukvsBzq4d1vBsAUmz7ZVt,https://api.spotify.com/v1/tracks/6ukvsBzq4d1vBsAUmz7ZVt,https://api.spotify.com/v1/audio-analysis/6ukvsBzq4d1vBsAUmz7ZVt,248560,4
YEAH RIGHT,Joji,0.672,0.588,1,-9.573,1,0.133,0.619,0.241,0.0992,0.204,169.033,audio_features,1VGzxJnVQND7Cg5H5wGj14,spotify:track:1VGzxJnVQND7Cg5H5wGj14,https://api.spotify.com/v1/tracks/1VGzxJnVQND7Cg5H5wGj14,https://api.spotify.com/v1/audio-analysis/1VGzxJnVQND7Cg5H5wGj14,174358,4
Allen Page's Midnight Ride,Panucci's Pizza,0.558,0.448,5,-6.522,1,0.041,0.506,0.0,0.0898,0.159,117.984,audio_features,2EYMmP358cUvHnTUHh8dJQ,spotify:track:2EYMmP358cUvHnTUHh8dJQ,https://api.spotify.com/v1/tracks/2EYMmP358cUvHnTUHh8dJQ,https://api.spotify.com/v1/audio-analysis/2EYMmP358cUvHnTUHh8dJQ,114590,3
This Bitter Pill,Dashboard Confessional,0.544,0.38,6,-9.219,1,0.0251,0.643,0.0,0.115,0.39,63.33,audio_features,3tEJXdNmXzu5Pcrgq9IKjv,spotify:track:3tEJXdNmXzu5Pcrgq9IKjv,https://api.spotify.com/v1/tracks/3tEJXdNmXzu5Pcrgq9IKjv,https://api.spotify.com/v1/audio-analysis/3tEJXdNmXzu5Pcrgq9IKjv,193773,4
Love Yourself,Dashboard Confessional,0.59,0.311,6,-10.394,1,0.0325,0.875,0.0363,0.0959,0.538,81.951,audio_features,3ZuocMfgdJiiqRZKerYXBN,spotify:track:3ZuocMfgdJiiqRZKerYXBN,https://api.spotify.com/v1/tracks/3ZuocMfgdJiiqRZKerYXBN,https://api.spotify.com/v1/audio-analysis/3ZuocMfgdJiiqRZKerYXBN,312224,4
